Rank,Team ID,Manager,Rating
1,4719275,F√°bio Borges,98.93
2,24045,Mark Hurst,98.75
3,319,Tom Dollimore,98.73
4,714236,David Fairchild,98.62
5,2869,Ben Crellin,98.37
6,1902266,John Walsh,98.27
7,205,Michael Giovanni,98.26
8,1210,Jan Kƒôpski,98.23
9,41443,Tom N,98.22
10,65,Markku Ojala,98.22
11,2492481,Runar Andersen,98.19
12,144151,Torkel Wahl-Olsen,98.09
13,40200,J√∏rgen Stenseth,98.06
14,3544,Harry Daniels,98.04
15,17665,Mats Oftedal,98.03
16,7511,Conor's Team,98.03
17,254807,Rob Mayes,98.03
18,337276,Andy Dutton,98.02
19,50157,Sam Hackett,97.99
20,94678,Martin Janson,97.98
21,61096,Dan Wright,97.94
22,155,Jack Vamplew,97.94
23,4896678,Sam Burton,97.93
24,15232,Mark Mansfield,97.92
25,12319,Lion King,97.91
26,3789181,Jon Ballantyne,97.91
27,15267,_Calm _,97.9
28,15318,Paul Quilter,97.88
29,3091,Bj√∏rnar Jakobsen,97.87
30,84469,Jack B,97.85
31,131357,Finn Sollie,97.84
32,54493,Paul Marshman,97.83
33,11377,Sondre Haug,97.83
35,9355,Jerome Hughes,97.8
36,45747,Jamie Rafferty,97.78
37,345516,Liad Levy,97.78
38,14111,Grant Christie,97.77
39,101631,Daniel Hennessey,97.76
40,5726,≈Åukasz Wo≈∫niak,97.75
41,749244,Cak Juris,97.75
42,4222,Sigurd Holen,97.71
43,272843,Jakob Dotevall,97.7
44,230578,Matt Corbidge,97.7
45,1361478,Jon Corke,97.68
46,31839,Ben Alexander,97.66
47,6632,Jesper √òiestad,97.66
48,12882,Tom Stephenson,97.66
50,1045,Jamie Kellas,97.65
51,6882,Murat Erdemli,97.65
52,9700,Jovan Popoviƒá,97.65
53,1553,Sam T,97.65
54,317024,Sean Tobin,97.63
55,184514,Troy Tobin,97.62
56,2219297,Gatis Stepanovs,97.62
57,139239,√ìmar Olgeirsson,97.62
58,29170,Matt Lovatt,97.62
59,96454,Andrew Fowke,97.6
60,27954,Bradley Finney,97.59
61,364831,Antti Nieminen,97.59
62,15209,Kelvin Hang,97.59
63,167903,Przemys≈Çaw Pawelec,97.59
64,9377,Ahmed Mohamed,97.59
65,145512,Cameron Scott,97.58
66,54431,Morten Tveito,97.58
67,4665750,Brusdal Brusdal,97.58
68,1579463,Adam Osak @StoichkovFPL,97.58
70,6147,John Canning,97.56
71,2452101,S K,97.55
72,2551,Nick Jones,97.55
73,480805,Asgeir Gylland,97.55
74,664021,Harry West,97.54
75,77447,Michael Williams,97.54
76,44114,Abinav C,97.54
77,5002778,Tom Grant,97.53
78,5251932,Ian Wilson,97.53
79,198971,Simon MacNair,97.52
80,1182027,vincent townsend,97.52
81,42362,Bjarne Martinussen,97.51
82,18413,Laurence Imich,97.5
83,3657440,Chris Jenkins,97.5
84,226638,Mark Campbell,97.49
85,242480,Benjamin Sirnes,97.49
86,24576,Obay Eid,97.48
87,4836843,Stephen Devlin,97.48
88,29930,Knut Henrik Rolland,97.48
89,284204,Ross M,97.48
90,40608,John Sverre Lovaas,97.48
91,95615,Justin Rees,97.47
92,2282,Richard Smith,97.47
93,3916567,Matthew Cornford,97.47
94,11368,Richard Clarke,97.47
96,3099950,Daniel birkett,97.44
97,2786,Bogdan Vasile,97.44
98,39777,Mohamed Hany,97.44
99,59050,kieren russell,97.44
100,108434,Ally Christodoulou,97.44
101,12604,Paulius Uziela,97.44
102,5203441,Joseph Humphreys,97.43
103,2087672,David (@DayvyFPL),97.43
104,60892,Marc Yonkers,97.43
105,17377,David Westman,97.43
106,302,Tom Rowe,97.43
107,13,Jack Palmer,97.42
108,1222335,sameer sohail,97.42
109,1965607,Danni Mogensen,97.42
110,179414,Theodor Ingi Palmason,97.41
111,625585,Greg Mckenzie,97.4
112,56200,Harry Vernon,97.39
113,208375,Douglas Sharp,97.38
115,4728,Sean Connors,97.38
116,7497,Ahmed Shahin,97.38
117,444338,Dave Addy,97.38
118,269,Ben Houghton,97.37
119,224426,Brian Lord,97.37
120,2237,Justin Zhao,97.37
121,4619601,Seb Wassell,97.36
122,5658,James Cooper,97.36
123,418480,Endre Berg Leiren,97.36
124,13119,Craig Marshall,97.36
125,3514,Peter Brooks,97.36
126,11429,Uno Jakobsson,97.35
127,33845,Jacob Meincke,97.34
128,4604,William Johansson,97.34
129,88978,Even Sk√•rholen,97.34
130,5305,Ole Martin Stabbetorp,97.34
131,68848,Yavuz Kabuk,97.33
132,769,Stephen Courtney,97.33
133,1936967,Eivind Thorsen,97.33
135,2054363,Kjell Andr√© Egeland,97.33
138,10321,Adithya Mani,97.32
139,9505,Utkarsh D,97.32
140,1658797,Luiz Schiller,97.31
141,912,Prajwal Panthi,97.31
142,108156,Gary Hatfield,97.3
143,447105,Tom Baxter,97.29
144,77561,√òyvind Bj√∏rnevik,97.29
145,7165,Cian McPeake,97.28
146,312429,Mato Stanic,97.28
147,161658,Baste Kolnes,97.27
148,599510,Murray Tainton,97.27
149,12781,Jason Fleming,97.26
150,27798,Spencer Toon,97.26
151,15780,Ryan ROWE,97.26
152,53331,Christoffer Magnus,97.26
153,2345,Stephan Haugsrud,97.26
154,32145,James Bailey,97.26
155,92691,Algot Bergman,97.26
156,4930,Ilmari Juva,97.26
157,156,Abdul Rehman,97.25
158,16673,lari ahti,97.25
159,13113,Brent Horner,97.25
160,3824,Joel E,97.25
161,19223,Stephen Carey,97.25
162,1469584,Richard Straker,97.25
163,2487,Chris Bristow,97.24
164,22813,David Faukner Bendiksen,97.24
165,3871,Alastair Cowper,97.24
166,2067,Onur Ersoy,97.24
167,8771,Richard Wehinger Krafft,97.24
168,2331395,Niall O'Connor,97.24
169,643288,Aswin N,97.24
170,38351,Ignazio La Rosa,97.23
171,15104,Dan Simpo,97.23
172,451868,Gary Lee,97.23
173,229773,Bharat Batra,97.22
174,25562,The Magician,97.22
175,3643071,Aasmund Woldsengen,97.22
176,107711,Ha fiz,97.22
177,254600,David Meechan,97.22
178,649,Anthony Ede,97.22
179,3867,Dan Bennett,97.22
180,78852,Stefan Kaliniƒá,97.22
181,51527,Tuomas Harjula,97.21
182,4167286,Euan Thompson,97.21
183,658508,Jeremy Calloud,97.21
184,6646,Samson Baretto,97.21
185,594027,Tod Modisette,97.21
186,8374,Sindre Askeland,97.21
187,6976,Tore Kalleberg,97.21
188,8554,Diarmuid Gallagher,97.21
189,27632,Babis Pavlou,97.21
190,547493,Tommy Shinton,97.2
191,1756,FPL Pro,97.2
192,4531,Karl Durant,97.2
193,405429,Harry von Behr,97.2
194,259972,Liam Quinn,97.2
195,108962,Fredrik Hovden,97.19
197,126948,Anthony Brown,97.19
198,13898,George Owen,97.18
199,47562,Antti Lehtinen,97.18
200,2584,Henry Shere,97.18
201,33505,Henry Ilonen,97.18
202,618009,Patrick Mathias,97.18
203,12171,Jonas Fougner,97.17
204,658584,Inge Berqvam,97.17
205,72526,Marius Aas,97.16
206,584884,Balajee C R,97.16
207,373634,gavin butler,97.16
208,41057,Mark Brookes,97.16
209,8654,Nick Spencer,97.16
210,556747,Nathan Jones,97.16
211,158807,Nenad Bozic,97.16
212,250030,Garry Murray,97.16
213,4805,Pras United,97.15
214,7732,Ra√Øsh Ganpat,97.15
215,6366,HS Lee,97.15
216,613429,Matthew Lambert,97.15
217,2150059,Richard Beale,97.15
218,71474,Daniel Brenn,97.15
219,18024,Tobias Grahl,97.15
220,170170,Morten Offerdal,97.15
221,18095,Dave Round,97.14
222,45005,Vitalio Lyudmilov üáßüá¨,97.14
223,660573,Fintan O'Sullivan,97.13
224,686984,Sebastian J√∂nsson,97.13
225,264567,Jon Thomsen,97.13
226,255425,Alexander Quant,97.13
227,61740,Slaven Mihelic,97.13
228,280836,John Loney,97.12
229,4691427,Joel Nordkvist,97.12
230,520129,Philip Ridgill,97.12
231,666563,Owen Walker (Zan K),97.12
232,909,Michael Scott,97.12
233,20382,Jack Watton,97.12
234,129262,Joe Benorthan,97.12
235,1765788,Robbie Wilson,97.11
236,1817274,Marcin Rodziewicz,97.11
237,1459164,Mark Antoncich,97.11
238,4213,Sakari Uutela,97.11
239,53359,Johnny Brosnan,97.1
240,4573969,Andy Wilson,97.1
241,680928,Srdjan Labus,97.1
242,2413,Eoghan McLaughlin,97.09
243,584935,Petteri Ylimaa,97.09
244,179807,Nick Warner,97.09
245,9477,Paul Dowd,97.09
246,1939,James Harding,97.09
247,115490,Iain Walker,97.09
248,2388396,Knut Masdal,97.08
249,661480,Alexander Lynskey,97.08
250,7549,D C,97.08
251,56,Mateusz Skowronek,97.08
252,3288727,Marcus M√∂ller,97.07
253,44103,Adam O‚ÄôBrien,97.07
254,4461831,Bei Guo,97.07
255,580638,Harry Fowles,97.07
256,513738,Alexander Krogstad,97.07
257,1162248,Paul Godson,97.07
258,15391,@ fplresearch,97.07
259,658,Marta DƒÖbrowska,97.07
260,4640135,Aaron Milliss,97.07
261,162167,Joe Stone,97.07
262,186270,Isaac P,97.06
263,1551,Dan Furneaux,97.06
264,17068,Will Baxter,97.06
265,20710,Jake Brown (westerman),97.06
266,23357,Siddharth Mohindroo,97.06
267,50187,Michael Dodd,97.06
268,1965482,Mike Davis,97.05
269,185680,Mark Bennett,97.05
270,291996,Gavin Doherty,97.05
272,20838,Daniel Reeves,97.05
273,86862,Sava Stefanoviƒá,97.05
274,14971,Calum Miller,97.05
275,48765,Teemu Remes,97.05
276,23480,Robert Rowbotham,97.04
277,2367125,Anders Grue,97.04
278,1089558,Charlie Metcalfe,97.04
279,518206,Andrew Foley,97.04
280,9654,Alexander Johansen,97.04
281,11,Ivar Mehl Olsen,97.04
282,14591,Mike Jongerius,97.04
283,2428761,Paul Townsend,97.03
284,163076,Magnus Tjelle,97.03
285,57609,Joakim Ahlstr√∂m,97.03
286,171563,Oliver Symes,97.03
287,16874,Jordie van der Laan,97.03
288,607026,Sam Varghese,97.03
289,3002,Paul Treacy,97.03
290,3993751,Darragh Mulligan,97.03
291,152245,Qian Hao Ong,97.02
292,18650,Andrew Neave,97.02
293,13623,Christopher Corkery,97.02
295,1810594,Stewart Duthie,97.02
296,300554,Divine Precious,97.01
297,163303,Tor Mikkel Tokvam,97.01
298,348300,Emil Gustafsson,97.01
299,23533,Mike Maloney,97.01
300,15804,Carrick Loh,97.01
301,31196,mohamed ahmed,97.01
302,80575,Adam Hopcroft,97
303,19581,Mike Hyland,97
304,1201,David Nataf,97
305,572,Alex Dalziel,97
306,19673,Alex Ivison,96.99
307,32279,Arne Barsnes,96.99
308,68333,Adam Grupi≈Ñski,96.99
309,197484,Kristoffer Asp,96.99
310,85176,Matt Revill,96.99
312,66161,≈Åukasz Kublik,96.98
313,58922,Andrew Shaw,96.98
314,24,Andy LTFPL,96.98
315,51611,Stian Nilsen Nornes,96.97
316,1935951,Torstein Gunnarsen,96.97
317,193210,David dunts1,96.97
318,13819,Suzanne Treacy,96.97
319,3927682,Harry Balfour,96.97
320,5289,Mark Sutherns,96.96
321,700929,luka h,96.96
322,32973,Kieran Butterill,96.96
323,9763,Christos Myrtos,96.96
324,10750,Jorn Verheijden,96.96
325,930733,Richard Jacobson,96.96
326,1387701,Christian Lind Engelstad,96.96
327,88350,Shane Holohan,96.96
328,1220056,Alasdair Pearce,96.96
330,32139,David Cousins,96.95
331,9512,Albert Gudmundsson,96.95
333,171157,Geordie Wilson,96.95
334,757241,Giga Fren,96.95
335,257784,Count Rayan Ashcar,96.95
336,799878,Tom Russell,96.95
337,11577,Si Rutherford,96.94
338,51553,Udememfon Ekarika,96.94
339,32953,James Harrison,96.94
340,39399,Przemys≈Çaw Mosio≈Çek,96.94
341,105405,James Marley,96.94
342,391,Dominic Campbell,96.94
343,507747,Craig Macpherson,96.94
344,3534670,Ralph Prince,96.94
345,158705,Stuart Ukwu,96.94
346,1648237,Tomek Majczak,96.94
347,262485,Jamie Brown,96.94
348,4124242,Matthew Main,96.94
349,242189,Tom Davey,96.94
350,11302,Jesper Ottoson,96.94
351,5290,Adrian I,96.93
352,85,Lee Byron,96.93
353,2698,Vinay Ashwin,96.93
354,1074185,Simen Uggerud,96.93
355,155533,Alan Holohan,96.93
356,241552,Corey Baker,96.92
357,1546929,Liam McAllister,96.92
358,38390,Paul Foulder,96.92
359,26271,Ole Nikolai Lie,96.92
360,110169,Pakorn Songsiri,96.92
361,577273,Adam Ferguson,96.92
362,296625,Chevyn Luckyram,96.92
363,144786,Aleks Goral,96.92
364,829,Rosco Logawood,96.92
365,41562,Benjamin Yak,96.92
366,4446,Anders Lium,96.91
367,146709,Stephen Gallagher,96.91
368,5730,Lee Giles,96.91
369,4475,Callum Croal,96.91
370,390127,Julian Glenesk,96.91
371,562,Christian Larisch,96.91
372,186289,Kalnis Kalnis,96.91
373,169918,Teodor Karov,96.9
374,39643,Cristopher Ribbfj√§rd,96.9
375,12569,Will Thomas,96.9
376,18288,Erik Sole Haugsb√∏,96.9
377,622520,Daniel Brakus,96.9
378,2356310,Tom Burton,96.9
379,114143,Mike Dobson,96.9
380,308844,Kevin Lamb,96.89
381,2998821,Martin Sichelkow,96.89
382,1406429,Max Bentley,96.89
383,2034,Simon Wallin,96.89
384,505,Ryan Cameron,96.89
385,362272,Phil Ampleford,96.89
386,4997,frenk van harreveld,96.89
387,1870022,ALAN DAY,96.89
388,44294,Aleksander V√•ge Nilsen,96.89
389,9747,Jake Coren,96.88
391,42722,Daniel Lofts,96.88
392,806,Aaron Lofthouse,96.88
393,5751,Dexter Allsworth,96.87
394,473726,Scott McIrvine,96.87
395,1177,Mark Lynch,96.87
396,165143,Roddy More,96.87
398,262787,Jinzhou Yeow,96.87
399,346074,P√•l Kristiansen,96.87
400,3797,Anthony Moylette,96.87
401,124356,Ryan Skeoch,96.87
402,37056,Gursimran Singh,96.86
403,1062431,Ralph Utton,96.86
404,2347950,Nick Dowling,96.86
405,3224697,Mungo McNair,96.86
406,2443977,Peter Dalstr√∂m,96.86
407,12519,Elliot Wilson,96.86
408,18375,Eka Saputra,96.85
409,2234339,Alex Stones,96.85
410,1057224,Axel Knowles,96.85
411,222774,Stian Endre Olsen,96.85
412,956385,Thomas Hewitt,96.85
413,106661,Tom Richmond,96.85
414,463,Â§ßÈ™óÂ≠ê Á¨®Á¨®,96.85
415,3102369,Torbj√∏rn L√∏nne Lunden,96.84
416,4867,Rich Stevens,96.84
417,6980,Damjan Rupnik,96.84
418,17542,Tim Stewart,96.84
419,1008,Tom Kirkup,96.84
420,1045566,Ethan DellaMaestra,96.84
421,3152360,Darragh Gibbons,96.84
422,52438,Rune Risanger,96.83
424,39935,Eldho Mathew,96.83
425,392,Colin Innes,96.83
426,1112413,Sam Eckley,96.83
427,3523,Marc Nunes,96.83
429,16086,Vincent Lin,96.83
430,55915,Chrome Dome,96.83
431,2377165,Paul Curtis,96.83
432,1872,Adnan Hajrulahoviƒç,96.83
433,445127,James Smith,96.83
434,235419,Mario Radiƒá,96.83
435,15582,Tomasz Kucharski,96.83
436,609496,Alexandros Vlavianos,96.83
437,55164,Vladimir Zeljkoviƒá,96.83
438,1014005,Carson Cook,96.82
439,4941235,Matic Dimic,96.82
440,621591,Luke Pasfield,96.82
441,36768,Steven Bridges,96.82
442,717432,Darren Valet,96.82
443,10879,Mat Gilbert,96.82
444,194405,Henning Stien,96.82
445,2219695,Robert Wattel,96.82
446,426150,Joe Fazackerley,96.82
447,33151,Jason Carmody,96.82
448,4002155,Thomas K,96.82
449,43584,Milos Podgorac,96.82
450,4131447,Tim Hill,96.81
451,23131,Jack Oswald,96.81
452,148429,Uzair Rizwan,96.81
453,312919,Damian Gralak,96.81
454,252298,Robel Asfaha,96.81
455,50033,Sam McKenzie,96.8
456,12379,Tom Miller,96.8
457,539586,Travis Kelley,96.8
458,546,Lennie Peoples,96.8
459,28608,Sam Currie,96.8
460,9220,Aksel Arman,96.79
461,5210,Ola Svanheld,96.79
462,9465,Hallstein Br√∏tan,96.79
463,27232,Ronan Tierney,96.79
464,2751855,David Corkett,96.79
465,6051,James Fenwick,96.79
466,1993385,Brendan Hallab,96.79
467,265715,Andrea D'Souza,96.79
468,2307076,Amy Riley,96.79
469,4693123,Ross Graham,96.78
470,38513,Mattias Forsblom,96.78
471,3382580,Kieran O'Brien,96.78
472,19044,James Watson,96.78
473,11488,Ger Newman,96.78
474,1131825,Conor Falvey,96.78
475,2512,Dino Shan,96.78
476,364994,Terry Shoulder,96.78
477,21748,Arild Formo,96.78
478,208,Gaz Moore,96.78
479,270241,Ridder Preben Andersen,96.77
480,23285,Dan West,96.77
481,162903,Kasper Finnila,96.77
482,1563,Simon Linford,96.77
483,485665,Eitan A B,96.77
484,353819,Alex Tomats,96.77
485,10904,John McHugh,96.77
486,59465,Gary Mayo,96.77
487,80687,Mahyar Ag,96.77
489,1009,Kaloyan Nikolov,96.77
490,112720,Paul Gee (@FPLPaulGee),96.77
491,1018612,Nimrod Singerman,96.77
492,16104,Alexander Borge,96.77
493,2960687,Ashton Shields,96.76
494,117178,Joseph Crilley,96.76
495,6830,Christian Paulsen,96.76
496,1478454,Barry Meredith,96.76
497,3474100,Matt Salter,96.76
499,198820,James Addy,96.76
500,37013,Tom Purslow,96.76
501,489461,Ben Murphy,96.76
502,23851,Adam Burton,96.76
503,36135,Austin Ellinor,96.76
504,381764,Kevin Lee,96.76
505,99102,Geraldas Butkevicius,96.75
506,21,Chris Musson,96.75
507,56766,Harrison Packer,96.75
508,24096,Radim Hor√°k,96.75
509,2985,Tom Freeman,96.75
510,66908,Dmytro Zaichenko,96.75
511,59226,Adam Seel,96.75
512,81993,Marc El-Khoury,96.75
513,26362,Danny Wright,96.74
515,1274934,Louis Reddington,96.74
516,10110,Krystian Koper,96.74
517,275010,Sachin Patel,96.74
518,14683,Lars Johannessen,96.74
520,3000330,Dom cooke,96.73
521,2360,Rick Porter,96.73
522,262296,Kenneth Larsen,96.73
523,5215,Daniel Blythe,96.73
524,338871,Andrew Debenham,96.73
526,752822,Muhamad Iqbal Bassar,96.73
527,42199,Gary Cook,96.73
528,292,Joax K,96.72
529,2665608,Chris Hill,96.72
530,644648,Daniel Boije,96.72
531,2023339,Christian Aspelund,96.72
532,8293,Coach Mo,96.72
533,27557,Matteus Gavatin,96.72
534,107472,Callum Gill,96.72
535,271,BigMan Bakar,96.72
536,4769757,Arnulv √òye,96.71
537,60009,Suraaj Kanna,96.71
538,1113457,Arion Evetovics,96.71
539,3008,Antonio Fiameni,96.71
540,720,Adam Juanette,96.71
541,820742,Jakob L√∏vstad,96.71
542,274611,Andrew Blackwell,96.71
543,13476,Chad Damons (@fpl_chad),96.71
544,303066,Tom Bywater,96.71
545,1972,Kieran K,96.71
546,80089,Serge Gusev,96.71
547,603953,Simen Solstad,96.71
549,20593,Oli O'Mahony,96.7
550,193374,Christoffer Olsen,96.7
552,620423,Sergio Pinheiro,96.7
553,3203402,Eivind Almhjell,96.7
554,78,Callum Jefferies,96.7
555,17808,Kshitiz Bhaskar,96.7
556,3727098,√òyvind Sollie-Vollen,96.7
557,604396,Sam Beet,96.7
559,3492277,Sam Steel,96.7
560,2160442,Sam Piper,96.7
561,40210,Yash Maheshwari,96.7
562,207526,Bj√∏rnar Sunde Gjerde,96.7
563,25071,Joe Kelleher,96.7
564,8419,Jeremy Twaits,96.7
566,36489,Albin Fredriksson,96.7
567,222,Ole Andre Buene Sm√•land,96.7
568,40240,Toby Cumbers,96.7
570,487958,Kris Hede,96.69
571,924,Rajaram Maharana,96.69
572,17096,Yogeshan Pillay,96.69
573,2120168,Pavan PB,96.69
574,162648,Marko Meter Vrbanec,96.69
576,4279,Martin Felton,96.69
578,361031,Christoffer Enem√¶rke,96.69
579,1040,Alex Scott,96.69
580,5642,Johannes Suppanen,96.69
581,21243,Erik S,96.69
582,132743,Gunnar Bj√∂rn √ìlafsson,96.68
583,920077,Zakk Glover,96.68
584,4340717,Tony's Tigers,96.68
585,413654,Ollie Truman,96.68
586,6153,Seamus O,96.68
588,4406292,Svein Eriksen,96.68
589,13358,Chukwudi Dozie,96.68
590,4116995,Mohammed Alragheeb,96.68
591,68546,Finley Butler,96.68
592,91207,Ivan J,96.68
593,4024854,Karol Czajkowski,96.68
594,523783,Joe Fuller,96.68
595,3582968,Jack Manning,96.68
597,57256,Wayne Hapgood,96.67
598,88594,Dan Pitt,96.67
599,1000810,Mark McGettigan,96.67
600,18934,Owen Wilson,96.67
601,188215,Paul Welsh,96.67
602,34154,Frode Molnes,96.67
603,126233,Neil Fleeson,96.67
604,103072,Stian Brunes,96.67
605,561758,Jack Murray,96.67
606,2999839,HK KIM,96.67
607,27580,Jonny Pringle,96.67
608,846657,Eirik Nordsveen,96.67
609,80510,Henrik Haukom,96.67
610,14052,Walter Randazzo,96.66
611,12759,Kristian Harrison,96.66
612,478324,Clay Van Doren,96.66
613,5275,Ahammed Shareef,96.66
614,402810,Terje Kvarme,96.66
615,39792,Connor Baxter,96.66
616,429719,Anoop K,96.66
617,2136075,Dan Shone,96.66
618,191480,Craig Priestley,96.66
619,736186,Finlay White,96.66
620,6839,Preeyakit Buranasin,96.66
621,107895,Ryan McKenna,96.66
622,15894,Nick Wainwright,96.66
623,68585,@FPL Matthew,96.66
624,16450,Adam Bergin,96.65
625,1781165,Pete Craven,96.65
626,282946,Andrius Podzeckas,96.65
627,12267,Will Unsworth,96.65
628,9278,Mikael Leinum,96.65
629,2722,Adnan Shah,96.65
630,12030,Felix Dibsdall,96.65
632,269061,Remi Njuolla,96.65
633,29479,Tarek Balbaa,96.65
634,2128813,Colin Staniland,96.65
635,78874,Alexander Sirakov,96.65
636,28104,Ahmed S,96.65
637,245496,Michael Pruschak,96.65
638,768064,Ramon Duggal,96.65
639,3010544,Bruce Stocker,96.65
640,1330277,Johannes Husa,96.64
641,123274,James Ingram,96.64
642,642236,Matt Lane,96.64
643,359,Luke Williams,96.64
644,1123,Gav Riley,96.64
645,999999,Jonny Currie,96.64
646,16283,Paul McAnulty,96.64
647,15688,pranjal gandhi,96.64
649,746576,Steven Scalia,96.64
650,92947,Emil Wendel-Hansen,96.64
652,17926,Ituah Omole,96.63
653,1093970,Leafy Greens,96.63
654,67222,Filip Jeremic,96.63
655,14853,seth naidoo,96.63
656,27332,Henry Beadle,96.63
657,758,Andrew Butcher,96.63
658,284824,timo riekko,96.63
659,8,Erki Lomp,96.63
660,438575,Alan Sham,96.62
661,5025971,Alexander N√§sholm,96.62
662,78293,Christian Hunstad Flotvik,96.62
663,11528,Marek BƒÖbol,96.62
664,1814217,Frank Pedersen,96.62
665,627591,Craig Simpson,96.62
667,3526,Simon T,96.62
668,6144,Johnny Jay,96.62
669,40278,Stipe Antonijeviƒá,96.62
670,177162,Himamshu Srivathsa,96.62
671,2927298,Martin Motyka,96.62
672,149017,Dave Manger,96.62
673,47541,Yang Yun Cheong,96.62
674,6102,Jamie Greenland,96.62
675,24503,Magnar Nordtun,96.62
676,66205,Atte Vanhala,96.61
677,149136,Henry Dean,96.61
678,2592831,Michael Boyle,96.61
679,14642,Carl Hansson,96.61
680,406885,jon Gordon,96.61
681,73922,Oliver Ng,96.61
682,566,Vladimir Dlaka,96.61
683,312942,Tim Worboys,96.61
684,432,Khalid Ameen,96.61
685,31966,Chris Woodruff,96.6
686,30147,Ross Jarvis,96.6
687,21412,David Jack,96.6
688,2280356,Gareth Roddy,96.6
689,61989,Chris Gregory,96.6
690,4156532,adrian jones,96.6
691,38890,Jon Proudfoot,96.6
692,144880,Emil Siedlich,96.6
693,3992,Marcus Alier,96.6
694,6706,Dylan Jones,96.6
695,17076,Desmund Hui,96.6
696,728392,Se√°n Martin,96.6
697,474218,Robert Kristersson,96.6
698,18436,Daniel Pickard,96.59
700,4784505,Sami Laakso,96.59
701,3252283,Nick Pryce,96.59
702,188627,Christian Aasen,96.59
703,12696,Mateusz M,96.59
704,105364,Howard Waddington,96.59
705,22437,Hilde Andgard,96.59
706,7681,Grunde Axelsen,96.59
707,153415,Sander Ekanger,96.59
708,14600,Ivaylo Ivanov,96.59
709,41393,Jack Om,96.59
710,18047,Robert Hodges,96.59
711,1985244,Caolan Harvey,96.59
712,41708,Jaakko Luumi,96.59
713,52646,Rory Cartwright,96.59
714,67824,Dave Simpson,96.59
715,5085656,Philip Herland,96.58
716,1929895,Ian Palmeri,96.58
717,54191,Sindre Gr√∏theim,96.58
718,202752,Lee Caulfield,96.58
719,118799,Tim Griew,96.58
720,16657,H√•kon Omsted,96.58
721,801608,Rasmus Holmgren,96.58
722,1607,Dimi Papamichael,96.58
723,645917,Steve Williams,96.58
724,3543,Josh Shah,96.58
725,206609,Ahmed AbdElhady,96.58
726,5070321,mike williamson,96.58
727,7583,John Tracey,96.58
728,3199,Michael Mikkesen,96.58
729,33618,Knut Dagfinn Finstad,96.58
730,17719,Ola Eikill Veflen,96.58
731,57859,Ryan Killen,96.58
732,24022,Adam Garner,96.57
733,5331,Mark Pattenden,96.57
734,1759725,Daya S,96.57
735,4818955,George Ward,96.57
736,2486,Mikael Ruud,96.57
737,1463376,Charlie Peters,96.57
738,47008,Dan DB,96.57
739,90985,Alan Griffin,96.57
740,755856,Remy Snilstveit,96.57
741,4889908,Ken Colebunders,96.57
742,125673,Lukasz Zawistowski,96.57
743,9484,Erling Reynisson,96.57
744,103589,Conor Bowles,96.57
745,49912,Declan Butler,96.57
746,8074,Kristian Flagstad Kristiansen,96.57
747,1870829,Alfin „Ö§,96.57
748,5794,Ronnie Ruff,96.57
749,4668316,Behnam Jamal Abbasi,96.57
750,20261,Alberto Mendonca,96.57
752,300617,Ville Valtanen,96.57
753,25691,Tom Edrich,96.56
754,1338715,James Smith,96.56
755,434103,Jake Jolliffe,96.56
756,381301,Adel Ezzat,96.56
757,2566591,Andrew Gower,96.56
758,18910,Leif-Andr√© Bjerkeli Jensen,96.56
759,1786502,Anton Martinsson,96.56
760,228811,Hussein S,96.56
761,23900,Nathan Miranda,96.56
762,68143,Sebastian Hasselberg,96.56
763,766045,Sreenath Jayaraj,96.56
764,24628,Tor Even Pettersen,96.56
765,8352,Marcin Kaczorowski,96.56
766,992565,Kunal Manwani,96.56
767,487801,Martin Allen,96.56
768,221749,Thomas Pausey,96.56
769,28865,Joshua Goh,96.56
770,1908829,Victor Alvira,96.56
771,31230,Andy McKeown,96.56
772,125712,Matthew Simpson,96.56
773,4503815,Adam Davey,96.55
774,2136947,Yahya Boss,96.55
775,121588,Martin Bubak,96.55
776,136668,Keston Chew,96.55
777,215702,Daniel Burley,96.55
778,221072,Micha≈Ç DƒÖbrowski,96.55
779,70797,James Jeltema,96.55
780,14347,Svein Roald L Usken,96.55
781,31855,Karan Gupta,96.55
782,17577,Matthew Foulds,96.55
783,2688264,Matt Hicks,96.55
784,315909,Ollie Hastings,96.55
785,492615,Samuel Thacker,96.55
786,5693,Ahmed Habib,96.55
787,58051,Jesse Ajayi,96.55
788,6453,John Szurko,96.54
789,1676059,John Cullinane,96.54
790,68945,Ramsay Lahouegue,96.54
791,24364,Ahmed Nasser,96.54
792,34583,Joe Neenan,96.54
793,49782,Thomas Daines,96.54
795,64616,Matias Myllyl√§,96.54
796,33384,Alexander Ilias,96.54
797,2804862,James O' Mahoney,96.54
798,4239994,Simon Le Ruez,96.54
799,135447,Albert Wan,96.54
800,285921,Badr Owais,96.54
801,469804,Neil Taylor,96.54
802,139679,Mark Critchley,96.54
803,2827,Matt Windsor,96.53
804,35837,Joe Mitchell,96.53
805,68224,Jarno Jonsson,96.53
806,1094595,Henri Annala,96.53
807,408130,Carlene M,96.53
808,681313,Matt Neill,96.53
809,1153225,Henry Jones,96.53
810,5948,Daniel Gustafsson,96.53
811,818700,M L,96.53
812,41868,Matan Krakow,96.53
813,5096845,Mohammed Imran,96.53
814,2732,Ryan Nicholson,96.53
815,5813,Timothy Leichtfried,96.53
816,595,Emil Wibeck-Nilsson,96.53
817,549748,Michael Laws,96.53
818,4157877,James Stewart,96.53
819,2767,Patryk @FPLPoland,96.53
820,17618,Prj Panthi,96.53
822,135384,Eoin Commane,96.53
823,2666969,Rishi Pabary,96.52
824,31780,Tor Arne Momrak,96.52
825,202425,Ivan Kasagga,96.52
826,2796268,Philip Chapman,96.52
827,3542455,Mohamed El Kateb,96.52
828,14944,Rob Glasser,96.52
829,364595,Christian Westgaard,96.52
830,69418,Anuj Chhikara,96.52
831,402098,Naeem Majeed,96.52
832,5955,Jamie Meagher,96.52
833,5359663,George Shields,96.52
834,64056,Jacky N,96.52
835,28819,Chinmay Gharat,96.52
836,4442010,Brad Howard,96.52
837,221508,Carlsten Xuereb,96.52
839,3589,Levi Longworth,96.52
840,2451,Sultan Saeed,96.52
841,10416,Henri Lahtinen,96.51
842,4050711,Erik Opsahl,96.51
843,944917,Richard Mallaber,96.51
844,3149337,Jamie Kang,96.51
845,273362,Matthew Allen,96.51
846,1070741,Erik H√•kansson,96.51
848,255,Emanuel Moberg,96.51
849,162260,Kalle Leskinen,96.51
850,45598,Ando Knott,96.51
851,1187881,Niels Knapen,96.51
852,1571308,Joe Hart,96.51
853,57443,Andr√© Bergstr√∏m,96.51
854,4631,Mattias Brandt,96.51
855,18313,Dennis Nordlinder,96.51
856,12836,Jan Cho≈Ço≈ºy≈Ñski,96.51
857,85824,ben wildman,96.51
858,668171,Gavin Carroll,96.5
859,117566,Fred Allansson,96.5
860,838757,Kuba Marczuk,96.5
861,2100479,Lenny Lynch,96.5
862,616622,Mr T Moore,96.5
863,106733,James O' Donnell,96.5
865,7811,Aleksandar Todorovic,96.5
866,501,Oliver B,96.5
867,18067,Kenny Wan,96.5
868,566673,Motte G√©rard,96.5
869,2493747,David Block,96.5
870,380890,Martin Rapp,96.5
871,148107,jernej virant,96.5
872,31241,Phil Vallade,96.5
873,24001,Ryan McGillick,96.5
874,445181,jon wood,96.5
875,33126,Nathan Hale,96.5
876,800,Mungo Russell,96.5
877,20744,Lukas H.,96.5
878,2279,Danny Nix,96.5
879,80285,Saunak Pal,96.5
880,15174,Damien Prunty,96.5
881,6381,Joe Lepper,96.5
882,3172194,Wenyuan Cheng,96.5
883,1539,Martin Hurst,96.5
884,18278,Nick Wright,96.49
885,255755,J√∏ran Solli,96.49
886,94972,Felix Felixsen,96.49
887,101551,Ilyes Haddou,96.49
888,2186,James Nicholson,96.49
890,69718,Alex Tyc,96.49
891,729096,Cameron Duvall,96.49
892,14240,Adam Zhafri,96.49
893,8912,Stian Hornnes,96.49
894,1451,Alfie Murray,96.49
895,548734,Ben West,96.49
896,2589,Tom Hyde,96.49
897,52091,Tyrone Kerr,96.49
898,5648,Martin Mikalsen,96.49
899,16507,Geir Helge Bakke,96.49
900,235425,David Williams,96.49
901,1041487,Ping Jim Tan,96.49
902,2771007,Levi Blindheim,96.49
903,775131,Sivert Garvik,96.49
904,40585,Chris Kondov,96.49
905,3052,Louis Key,96.49
906,542349,Greg Smith,96.49
907,65710,Alex Kroon,96.49
908,1390595,Mark Miles,96.48
909,8670,Burhan Samaan,96.48
910,17772,Rahul Shah,96.48
911,2471522,√òyvind Nordengen,96.48
912,293268,Chris Coyne,96.48
913,592193,Andrew Campbell,96.48
914,35779,Francisco Alves,96.48
915,2002091,Carl Lawrence,96.48
916,25521,Chibuzor Onwurah,96.48
917,15446,Nick LB,96.48
918,6873,Joe Robertson,96.48
919,372778,Oli .,96.48
920,68,Nandish Gorasia,96.48
921,25069,Sasa Simic,96.48
922,286426,Xerxis Desai,96.47
923,10923,Aleksander Gr√∏dem,96.47
924,1446261,Cha baller,96.47
925,3114182,Sean Zurawski,96.47
926,1538747,Rob C,96.47
927,693,Daniel Bertelsen,96.47
928,2451972,Toby Rowe,96.47
929,573352,Sean Smith,96.47
930,30103,Anoop Pai,96.47
931,3976769,Brian Linehan,96.47
932,2887490,Krzysztof Kurzysztof,96.47
933,111038,Tommi Aittokallio,96.47
934,7295,Giorgos Polykarpou,96.47
935,7174,Henry Rawlins,96.47
936,301354,Pete Wilkins,96.47
937,13853,Harvey Gill,96.47
938,623223,Espen Andersen,96.46
939,5252228,H√•vard Tuhus,96.46
940,7871,Garry Hecht,96.46
941,72663,Frasier Crane,96.46
942,796997,Peter Howitt,96.46
943,9274,Toby Wastling,96.46
944,2729988,Mark Taylor,96.46
945,1955739,Aran Singanayagam,96.46
946,17728,Milana Pejiƒá,96.46
947,323133,Thomas Angelo,96.46
948,620168,Widi Susanto,96.46
949,851206,Chris McDonald,96.46
950,467684,Aleksander Pedersen,96.46
951,870197,Andreas Augustsson,96.46
952,16695,Robert Forsyth,96.46
953,566361,Bendik Hofseth,96.46
954,3663925,Matti Salminen,96.46
955,468792,Blair Paterson,96.46
956,733019,Jake Logan,96.46
957,2689,Conor Gray,96.46
958,153069,D K,96.46
959,16678,Kristoffer Solini,96.46
960,88020,‰ΩïÊñáÁî∞ Âë®ÂúãË≥¢,96.46
961,2610789,Truls Stubberud,96.46
962,2763342,Will Johnson,96.45
963,34898,Tom F,96.45
964,51233,Ivan Boyanov,96.45
965,2520078,Lasse Malin,96.45
966,183623,Tom Jansson,96.45
967,32294,Adam Bosch,96.45
968,199176,Eirik Barosen Antonsen,96.45
969,10007,Ian Emamalie,96.45
970,2262555,Sir Edo Nygren,96.45
971,91504,Rasmus Majborn,96.45
972,54894,Callum Ward,96.45
973,2992755,Tim Lear,96.45
974,39228,Daniel Perling,96.45
975,680859,Ian Harrington,96.45
976,2453849,John Pattison,96.45
977,211598,Jon Wheatley,96.45
978,666925,B√•rd Henjum,96.45
979,16929,Lee Carruthers,96.45
980,139403,Patrick Moon,96.45
981,17754,Norman Munro,96.45
982,343971,Lucio Montoya,96.45
983,643637,Christian Bogsnes,96.45
984,3668,Abdulaziz ALSlamah,96.45
985,139089,Love Hedvall,96.45
986,15761,Romain Ferron,96.45
987,2099993,Frank Lee,96.44
988,2661,Aidid Bazli,96.44
989,19889,Gambit *,96.44
990,353694,Jag Singh,96.44
991,28827,Nick Baker,96.44
992,512777,Stephen Diamond,96.44
993,66041,Scott Ramsay,96.44
995,160250,Craig Johnson,96.44
996,677275,Chris Castorina,96.44
997,2771459,K√•re Holen,96.44
998,170075,Jonathan Treadaway,96.44
999,220,Daire Guckian,96.44
1000,911,Alex Friend,96.44
1001,33653,Hossam Gaber,96.44
1002,1044460,Brian Melican,96.44
1003,19337,David Voskanian,96.43
1004,805344,Jack Harris,96.43
1005,3736061,Andrew O'Donnell,96.43
1006,5140474,Othmane Guennouni,96.43
1007,422899,David Walker,96.43
1008,349623,"Jack ""GG"" Roberts",96.43
1009,181234,Matt Banner,96.43
1010,326,Seamus Kerlin,96.43
1011,32870,Durgesh Sawant,96.43
1012,6731,Stephen Harrap,96.43
1013,596064,Arvid Hedlund,96.43
1014,176809,Alex Hughes,96.43
1016,371562,Connor Nicol,96.43
1017,844062,Vladislav Vodenicharski,96.43
1018,1118564,Kevin walshe,96.43
1019,475755,Thomas Lovell,96.43
1021,21007,David Weigner-Lodahl,96.43
1022,4238,Sigurd Eskeland,96.43
1023,383679,Erik Falkeborn,96.43
1024,330111,Peter Hill,96.42
1025,43955,Kenneth Ramsland,96.42
1026,119114,Phil Gill,96.42
1027,368037,Phil Fox,96.42
1028,31582,Krytian Bobrowski,96.42
1029,1989627,Graham Wrigley,96.42
1030,1912,Rajesh Garg,96.42
1031,560130,Magnus Joyce,96.42
1032,9318,Gareth Nichols,96.42
1033,1036003,Luka Puletic,96.42
1034,2347386,Zaid Qart,96.42
1035,3660148,Cameron Reid,96.42
1036,16793,Sean O'Neill,96.42
1037,229716,Zain Khan,96.42
1038,181714,Danny Tan,96.42
1041,15748,Gary Mills,96.42
1042,1010200,James Chapman,96.41
1043,5163,Jamie Semark,96.41
1044,2921355,Brian Norris,96.41
1045,27450,Arav Mendiratta,96.41
1046,871177,Lawrence Grech,96.41
1047,146349,Vaidas Cislikauskas,96.41
1048,3929473,Chris Vassiliou,96.41
1049,2299841,Peter Goddard,96.41
