rank,prev_rank,name,league,off,def,spi
1,2,Bayern Munich,German Bundesliga,3.37,0.46,92.96
2,1,Manchester City,Barclays Premier League,2.95,0.35,92.0
3,3,Paris Saint-Germain,French Ligue 1,3.11,0.53,90.43
4,4,Liverpool,Barclays Premier League,2.71,0.44,88.83
5,5,Real Madrid,Spanish Primera Division,2.74,0.58,86.66
6,8,Barcelona,Spanish Primera Division,2.43,0.49,85.27
7,7,Ajax,Dutch Eredivisie,2.92,0.78,84.92
8,6,Chelsea,Barclays Premier League,2.32,0.49,83.97
9,9,Internazionale,Italy Serie A,2.5,0.67,82.34
10,10,Tottenham Hotspur,Barclays Premier League,2.37,0.61,81.93
11,14,Arsenal,Barclays Premier League,2.26,0.6,80.82
12,11,Atletico Madrid,Spanish Primera Division,2.11,0.53,80.34
13,16,FC Porto,Portuguese Liga,2.31,0.66,80.17
14,13,RB Leipzig,German Bundesliga,2.33,0.68,80.05
15,15,FC Salzburg,Austrian T-Mobile Bundesliga,2.35,0.72,79.44
16,19,Villarreal,Spanish Primera Division,2.19,0.65,78.84
17,18,AC Milan,Italy Serie A,2.15,0.63,78.65
18,12,Borussia Dortmund,German Bundesliga,2.41,0.8,78.59
19,17,Sporting CP,Portuguese Liga,2.17,0.69,77.75
20,21,Napoli,Italy Serie A,2.27,0.75,77.69
21,22,Benfica,Portuguese Liga,2.15,0.74,76.15
22,24,Brighton and Hove Albion,Barclays Premier League,1.95,0.62,75.7
23,20,Bayer Leverkusen,German Bundesliga,2.21,0.82,75.45
24,23,Real Sociedad,Spanish Primera Division,1.92,0.66,74.41
25,25,PSV,Dutch Eredivisie,2.41,1.02,74.11
26,30,Manchester United,Barclays Premier League,2.11,0.81,74.01
27,28,AS Roma,Italy Serie A,1.93,0.7,73.6
28,26,Feyenoord,Dutch Eredivisie,2.22,0.92,73.26
29,29,Atalanta,Italy Serie A,2.08,0.85,72.63
30,39,Crystal Palace,Barclays Premier League,1.88,0.71,72.54
31,32,Zenit St Petersburg,Russian Premier Liga,2.01,0.8,72.5
32,34,Real Betis,Spanish Primera Division,1.9,0.73,72.41
33,35,Celtic,Scottish Premiership,2.16,0.92,72.3
34,37,Lyon,French Ligue 1,2.12,0.9,72.08
35,33,Athletic Bilbao,Spanish Primera Division,1.79,0.67,71.92
36,27,Aston Villa,Barclays Premier League,1.96,0.8,71.63
37,31,AS Monaco,French Ligue 1,2.09,0.91,71.37
38,40,Sevilla FC,Spanish Primera Division,1.78,0.69,71.35
39,47,Newcastle,Barclays Premier League,1.89,0.78,71.11
40,38,1. FC Union Berlin,German Bundesliga,1.85,0.74,71.1
41,52,Mainz,German Bundesliga,1.91,0.81,70.65
42,36,Rangers,Scottish Premiership,2.09,0.94,70.57
43,42,Flamengo,Brasileiro Série A,1.83,0.75,70.52
44,46,Borussia Monchengladbach,German Bundesliga,2.13,0.99,70.26
45,45,FC Cologne,German Bundesliga,1.98,0.89,70.09
46,43,Juventus,Italy Serie A,1.89,0.82,70.03
47,41,Stade Rennes,French Ligue 1,1.96,0.88,69.84
48,48,SC Freiburg,German Bundesliga,2.0,0.92,69.72
49,53,Lazio,Italy Serie A,1.99,0.93,69.23
50,55,Valencia,Spanish Primera Division,1.73,0.73,69.23
51,44,Brentford,Barclays Premier League,1.94,0.9,68.85
52,51,West Ham United,Barclays Premier League,1.84,0.84,68.56
53,54,Marseille,French Ligue 1,1.84,0.85,68.22
54,57,Wolverhampton,Barclays Premier League,1.73,0.78,68.06
55,50,Leicester City,Barclays Premier League,1.91,0.92,68.04
56,59,VfL Wolfsburg,German Bundesliga,1.87,0.89,67.92
57,49,Lille,French Ligue 1,1.83,0.87,67.85
58,56,Celta Vigo,Spanish Primera Division,1.76,0.81,67.79
59,65,TSG Hoffenheim,German Bundesliga,2.08,1.07,67.59
60,60,Fiorentina,Italy Serie A,1.85,0.89,67.55
61,63,Lens,French Ligue 1,1.84,0.88,67.52
62,58,Club Brugge,Belgian Jupiler League,2.03,1.06,67.07
63,62,Eintracht Frankfurt,German Bundesliga,1.85,0.92,66.79
64,64,Fenerbahce,Turkish Turkcell Super Lig,2.1,1.15,66.21
65,61,Strasbourg,French Ligue 1,1.76,0.89,65.89
66,72,Osasuna,Spanish Primera Division,1.68,0.84,65.55
67,66,Palmeiras,Brasileiro Série A,1.65,0.81,65.55
68,71,Rayo Vallecano,Spanish Primera Division,1.66,0.83,65.47
69,67,VfB Stuttgart,German Bundesliga,1.85,0.98,65.46
70,78,Braga,Portuguese Liga,1.75,0.91,65.02
71,80,Leeds United,Barclays Premier League,1.85,1.01,64.77
72,69,Slavia Prague,UEFA Europa Conference League,1.9,1.06,64.66
73,73,Nice,French Ligue 1,1.66,0.88,64.13
74,74,AZ,Dutch Eredivisie,1.95,1.13,63.76
75,70,Monterrey,Mexican Primera Division Torneo Apertura,1.71,0.94,63.7
76,76,Torino,Italy Serie A,1.63,0.87,63.57
77,77,Dinamo Zagreb,UEFA Europa League,1.79,1.02,63.44
78,79,FC Twente,Dutch Eredivisie,1.74,0.97,63.37
79,68,Getafe,Spanish Primera Division,1.52,0.8,63.33
80,75,Everton,Barclays Premier League,1.73,0.97,63.29
81,92,Werder Bremen,German Bundesliga,1.72,0.97,63.1
82,90,Southampton,Barclays Premier League,1.79,1.06,62.32
83,114,Club América,Mexican Primera Division Torneo Apertura,1.68,0.98,62.0
84,83,Atletico Mineiro,Brasileiro Série A,1.58,0.91,61.71
85,82,Young Boys,Swiss Raiffeisen Super League,1.98,1.25,61.67
86,87,Fulham,Barclays Premier League,1.65,0.97,61.59
87,81,Genk,Belgian Jupiler League,1.93,1.23,61.28
88,85,Olympiacos,Greek Super League,1.71,1.04,61.11
89,86,Anderlecht,Belgian Jupiler League,1.77,1.1,61.08
90,89,Tigres UANL,Mexican Primera Division Torneo Apertura,1.64,0.99,60.74
91,97,Verona,Italy Serie A,1.76,1.11,60.52
92,91,Shakhtar Donetsk,UEFA Champions League,1.88,1.22,60.47
93,95,Almeria,Spanish Primera Division,1.62,1.0,60.25
94,96,Sassuolo,Italy Serie A,1.87,1.23,59.96
95,84,Cadiz,Spanish Primera Division,1.58,0.98,59.9
96,109,Girona FC,Spanish Primera Division,1.59,1.0,59.52
97,94,River Plate,Argentina Primera Division,1.62,1.03,59.51
98,88,Espanyol,Spanish Primera Division,1.58,0.99,59.5
99,102,São Paulo,Brasileiro Série A,1.49,0.92,59.38
100,101,Hertha Berlin,German Bundesliga,1.64,1.06,59.23
101,107,Internacional,Brasileiro Série A,1.58,1.01,59.17
102,111,Nantes,French Ligue 1,1.64,1.07,58.87
103,104,Norwich City,English League Championship,1.64,1.08,58.74
104,103,Real Valladolid,Spanish Primera Division,1.57,1.02,58.7
105,108,Fluminense,Brasileiro Série A,1.5,0.96,58.61
106,105,Schalke 04,German Bundesliga,1.63,1.08,58.47
107,93,Bodo/Glimt,Norwegian Tippeligaen,1.97,1.39,58.38
108,123,FC Copenhagen,Danish SAS-Ligaen,1.8,1.24,58.22
109,137,Sheffield United,English League Championship,1.58,1.05,58.2
110,98,VfL Bochum,German Bundesliga,1.71,1.17,58.01
111,100,FC Augsburg,German Bundesliga,1.68,1.15,57.96
112,113,Elche,Spanish Primera Division,1.55,1.03,57.82
113,115,Red Star Belgrade,UEFA Europa League,1.71,1.19,57.71
114,110,Udinese,Italy Serie A,1.7,1.18,57.58
115,106,AFC Bournemouth,Barclays Premier League,1.5,1.01,57.47
116,124,Reims,French Ligue 1,1.56,1.06,57.42
117,116,Mallorca,Spanish Primera Division,1.55,1.06,57.37
118,118,Watford,English League Championship,1.53,1.04,57.35
119,112,Spartak Moscow,Russian Premier Liga,1.61,1.11,57.22
120,138,Brest,French Ligue 1,1.63,1.16,56.55
121,125,Nottingham Forest,Barclays Premier League,1.51,1.06,56.48
122,99,Trabzonspor,Turkish Turkcell Super Lig,1.69,1.23,56.23
123,120,FC Utrecht,Dutch Eredivisie,1.76,1.3,56.21
124,122,Bologna,Italy Serie A,1.58,1.13,56.08
125,135,CSKA Moscow,Russian Premier Liga,1.62,1.18,56.06
126,128,West Bromwich Albion,English League Championship,1.49,1.05,55.96
127,126,KAA Gent,Belgian Jupiler League,1.56,1.12,55.92
128,117,Los Angeles FC,Major League Soccer,1.74,1.3,55.9
129,130,Sparta Prague,UEFA Europa League,1.62,1.19,55.67
130,121,Pachuca,Mexican Primera Division Torneo Apertura,1.39,0.98,55.44
131,132,Dynamo Kiev,UEFA Champions League,1.59,1.17,55.39
132,119,Angers,French Ligue 1,1.46,1.06,55.25
133,136,Ferencvaros,UEFA Europa League,1.64,1.23,55.23
134,131,Corinthians,Brasileiro Série A,1.19,0.82,54.72
135,140,Bragantino,Brasileiro Série A,1.5,1.12,54.7
136,134,Toulouse,French Ligue 1,1.56,1.17,54.69
137,139,Lorient,French Ligue 1,1.46,1.08,54.62
138,150,Philadelphia Union,Major League Soccer,1.67,1.29,54.48
139,133,Guimaraes,Portuguese Liga,1.44,1.08,54.39
140,142,Yokohama F. Marinos,Japanese J League,1.73,1.37,54.05
141,129,New York City FC,Major League Soccer,1.68,1.32,53.98
142,164,Santos Laguna,Mexican Primera Division Torneo Apertura,1.62,1.28,53.45
143,148,Sampdoria,Italy Serie A,1.46,1.14,53.37
144,127,FC Midtjylland,Danish SAS-Ligaen,1.83,1.5,53.26
145,143,Santos,Brasileiro Série A,1.31,0.99,53.23
146,149,Dinamo Moscow,Russian Premier Liga,1.53,1.21,53.22
147,163,Besiktas,Turkish Turkcell Super Lig,1.63,1.32,52.91
148,156,Fortaleza,Brasileiro Série A,1.23,0.93,52.84
149,158,AC Ajaccio,French Ligue 1,1.42,1.12,52.79
150,147,FC Sheriff Tiraspol,UEFA Europa League,1.6,1.29,52.76
151,145,Montpellier,French Ligue 1,1.55,1.26,52.55
152,161,FC Krasnodar,Russian Premier Liga,1.44,1.15,52.42
153,141,Burnley,English League Championship,1.47,1.19,52.35
154,151,Levante,Spanish Segunda Division,1.47,1.18,52.32
155,154,Molde,Norwegian Tippeligaen,1.73,1.45,52.17
156,171,Guadalajara,Mexican Primera Division Torneo Apertura,1.36,1.09,51.98
157,146,SK Sturm Graz,Austrian T-Mobile Bundesliga,1.61,1.35,51.86
158,162,Gil Vicente,Portuguese Liga,1.38,1.12,51.79
159,157,Clermont Foot,French Ligue 1,1.45,1.19,51.71
160,159,FK Partizan Belgrade,UEFA Europa Conference League,1.45,1.2,51.71
161,153,Atlético Paranaense,Brasileiro Série A,1.37,1.13,51.51
162,168,Istanbul Basaksehir,Turkish Turkcell Super Lig,1.37,1.13,51.5
163,152,Troyes,French Ligue 1,1.44,1.2,51.49
164,178,Heerenveen,Dutch Eredivisie,1.48,1.23,51.49
165,166,LASK Linz,Austrian T-Mobile Bundesliga,1.59,1.34,51.47
166,160,Ceará,Brasileiro Série A,1.25,1.02,51.25
167,167,Auxerre,French Ligue 1,1.46,1.22,51.23
168,165,Maccabi Tel-Aviv,UEFA Europa Conference League,1.32,1.09,51.09
169,170,Galatasaray,Turkish Turkcell Super Lig,1.42,1.2,50.97
170,169,Lecce,Italy Serie A,1.38,1.17,50.68
171,155,Monza,Italy Serie A,1.43,1.22,50.63
172,144,Vitesse,Dutch Eredivisie,1.57,1.36,50.49
173,172,Antwerp,Belgian Jupiler League,1.38,1.19,50.02
174,173,Empoli,Italy Serie A,1.49,1.31,49.88
175,189,Kawasaki Frontale,Japanese J League,1.54,1.37,49.79
176,174,Famalicao,Portuguese Liga,1.39,1.22,49.55
177,182,Middlesbrough,English League Championship,1.36,1.2,49.53
178,177,Cremonese,Italy Serie A,1.42,1.28,49.0
179,180,Urawa Red Diamonds,Japanese J League,1.35,1.22,48.7
180,183,Union Saint Gilloise,Belgian Jupiler League,1.35,1.23,48.44
181,187,Sochi,Russian Premier Liga,1.41,1.3,48.36
182,184,Legia Warsaw,UEFA Europa League,1.4,1.29,48.33
183,185,NEC,Dutch Eredivisie,1.47,1.36,48.31
184,176,Boca Juniors,Argentina Primera Division,1.25,1.14,48.17
185,186,Spezia,Italy Serie A,1.42,1.32,48.11
186,194,Portimonense,Portuguese Liga,1.26,1.17,47.56
187,188,Rosenborg,Norwegian Tippeligaen,1.66,1.6,47.48
188,206,Silkeborg,Danish SAS-Ligaen,1.49,1.42,47.34
189,216,Montreal Impact,Major League Soccer,1.47,1.41,47.33
190,181,Hamburg SV,German 2. Bundesliga,1.54,1.48,47.31
191,232,Konyaspor,Turkish Turkcell Super Lig,1.4,1.34,47.3
192,242,Antalyaspor,Turkish Turkcell Super Lig,1.43,1.37,47.13
193,197,América Mineiro,Brasileiro Série A,1.18,1.12,47.04
194,190,Atlas,Mexican Primera Division Torneo Apertura,1.31,1.25,47.04
195,205,Cuiaba,Brasileiro Série A,1.05,0.98,46.85
196,201,Salernitana,Italy Serie A,1.4,1.36,46.79
197,202,Vizela,Portuguese Liga,1.27,1.23,46.61
198,196,Rapid Vienna,Austrian T-Mobile Bundesliga,1.29,1.25,46.49
199,192,PAOK Salonika,Greek Super League,1.24,1.2,46.49
200,198,St Gallen,Swiss Raiffeisen Super League,1.62,1.61,46.28
201,191,Boavista,Portuguese Liga,1.28,1.25,46.16
202,193,Metz,French Ligue 2,1.38,1.37,46.06
203,175,Cruz Azul,Mexican Primera Division Torneo Apertura,1.35,1.33,46.01
204,199,Parma,Italy Serie B,1.3,1.29,45.91
205,195,Santa Clara,Portuguese Liga,1.24,1.23,45.77
206,210,New York Red Bulls,Major League Soccer,1.28,1.28,45.73
207,200,FC Groningen,Dutch Eredivisie,1.42,1.43,45.67
208,203,Cagliari,Italy Serie B,1.37,1.37,45.67
209,207,Alanyaspor,Turkish Turkcell Super Lig,1.57,1.6,45.54
210,204,Granada,Spanish Segunda Division,1.28,1.29,45.53
211,214,Toluca,Mexican Primera Division Torneo Apertura,1.41,1.43,45.44
212,212,Cerezo Osaka,Japanese J League,1.32,1.34,45.28
213,224,Emmen,Dutch Eredivisie,1.35,1.38,45.17
214,247,AEK Athens,Greek Super League,1.35,1.39,45.06
215,208,Bordeaux,French Ligue 2,1.28,1.3,45.01
216,218,Rostov,Russian Premier Liga,1.43,1.48,44.92
217,215,Coventry City,English League Championship,1.23,1.26,44.85
218,225,Adana Demirspor,Turkish Turkcell Super Lig,1.45,1.5,44.83
219,260,Lokomotiv Moscow,Russian Premier Liga,1.32,1.36,44.77
220,209,Chaves,Portuguese Liga,1.28,1.32,44.68
221,211,Velez Sarsfield,Argentina Primera Division,1.2,1.24,44.62
222,222,Austin FC,Major League Soccer,1.55,1.63,44.47
223,226,Basel,Swiss Raiffeisen Super League,1.34,1.4,44.44
224,245,Sporting de Charleroi,Belgian Jupiler League,1.42,1.48,44.43
225,221,Millwall,English League Championship,1.27,1.32,44.41
226,220,Estoril Praia,Portuguese Liga,1.2,1.24,44.4
227,219,Preston North End,English League Championship,1.17,1.21,44.4
228,223,Panathinaikos,Greek Super League,1.12,1.16,44.32
229,233,Puebla,Mexican Primera Division Torneo Apertura,1.35,1.42,44.29
230,249,Hammarby,Swedish Allsvenskan,1.47,1.56,44.22
231,213,Los Angeles Galaxy,Major League Soccer,1.58,1.67,44.22
232,234,RKC,Dutch Eredivisie,1.37,1.45,44.17
233,240,FK Austria Vienna,Austrian T-Mobile Bundesliga,1.35,1.42,44.12
234,254,Botafogo,Brasileiro Série A,1.12,1.18,43.85
235,269,Nashville SC,Major League Soccer,1.37,1.46,43.7
236,248,Atlanta United FC,Major League Soccer,1.42,1.52,43.68
237,179,St Etienne,French Ligue 2,1.4,1.5,43.67
238,241,Rio Ave,Portuguese Liga,1.25,1.34,43.57
239,258,Seattle Sounders FC,Major League Soccer,1.35,1.46,43.5
240,238,Excelsior,Dutch Eredivisie,1.33,1.43,43.48
241,236,Terek Grozny,Russian Premier Liga,1.19,1.29,43.36
242,256,FC Arouca,Portuguese Liga,1.16,1.25,43.19
243,228,Stoke City,English League Championship,1.19,1.29,43.16
244,237,Hearts,Scottish Premiership,1.31,1.43,43.11
245,229,León,Mexican Primera Division Torneo Apertura,1.32,1.44,43.11
246,257,Luton Town,English League Championship,1.11,1.21,43.09
247,255,Cambuur Leeuwarden,Dutch Eredivisie,1.48,1.61,43.07
248,267,Casa Pia,Portuguese Liga,1.16,1.27,42.91
249,230,Atlético Goianiense,Brasileiro Série A,1.14,1.25,42.81
250,243,Sparta,Dutch Eredivisie,1.25,1.37,42.8
251,252,FC Volendam,Dutch Eredivisie,1.34,1.48,42.77
252,239,Genoa,Italy Serie B,1.25,1.38,42.77
253,281,Sanfrecce Hiroshima,Japanese J League,1.31,1.45,42.71
254,261,Huracán,Argentina Primera Division,1.04,1.13,42.69
255,253,FK Qarabag,UEFA Europa Conference League,1.33,1.47,42.68
256,246,Colorado Rapids,Major League Soccer,1.43,1.58,42.65
257,265,Go Ahead Eagles,Dutch Eredivisie,1.29,1.43,42.54
258,235,Djurgardens IF,Swedish Allsvenskan,1.37,1.53,42.39
259,231,Maritimo,Portuguese Liga,1.23,1.38,42.31
260,280,Lillestrom,Norwegian Tippeligaen,1.3,1.45,42.28
261,244,Talleres de Córdoba,Argentina Primera Division,1.15,1.28,42.22
262,263,FC Zurich,Swiss Raiffeisen Super League,1.41,1.58,42.19
263,264,CSKA Sofia,UEFA Europa Conference League,1.08,1.21,42.15
264,266,Anorthosis Famagusta,UEFA Europa Conference League,1.19,1.35,41.98
265,270,Randers FC,Danish SAS-Ligaen,1.19,1.35,41.91
266,227,New England Revolution,Major League Soccer,1.4,1.59,41.81
267,259,Kashima Antlers,Japanese J League,1.29,1.47,41.78
268,268,Pacos Ferreira,Portuguese Liga,1.11,1.26,41.76
269,251,Columbus Crew,Major League Soccer,1.29,1.47,41.73
270,262,Argentinos Juniors,Argentina Primera Division,1.01,1.15,41.72
271,290,SV Darmstadt 98,German 2. Bundesliga,1.42,1.62,41.71
272,314,Caen,French Ligue 2,1.22,1.4,41.59
273,274,Racing Club,Argentina Primera Division,1.11,1.28,41.49
274,288,St. Truidense,Belgian Jupiler League,1.11,1.27,41.46
275,272,CFR 1907 Cluj,UEFA Europa Conference League,1.23,1.41,41.43
276,277,Minnesota United FC,Major League Soccer,1.45,1.68,41.24
277,279,Estudiantes,Argentina Primera Division,1.12,1.29,41.2
278,250,Necaxa,Mexican Primera Division Torneo Apertura,1.16,1.35,41.04
279,309,Bristol City,English League Championship,1.28,1.51,40.78
280,276,Coritiba,Brasileiro Série A,1.21,1.43,40.67
281,217,Blackburn,English League Championship,1.09,1.28,40.66
282,294,F.B.C Unione Venezia,Italy Serie B,1.24,1.47,40.64
283,287,Valerenga,Norwegian Tippeligaen,1.34,1.58,40.56
284,271,Cardiff City,English League Championship,1.01,1.2,40.46
285,285,Alavés,Spanish Segunda Division,1.17,1.39,40.44
286,289,Queens Park Rangers,English League Championship,1.15,1.38,40.31
287,322,Aris Salonika,Greek Super League,1.05,1.26,40.3
288,278,Real Salt Lake,Major League Soccer,1.23,1.47,40.26
289,273,Pumas Unam,Mexican Primera Division Torneo Apertura,1.18,1.42,40.21
290,320,Tijuana,Mexican Primera Division Torneo Apertura,1.21,1.45,40.12
291,284,Portland Timbers,Major League Soccer,1.5,1.79,40.11
292,283,Brondby,Danish SAS-Ligaen,1.22,1.46,40.08
293,286,Krylia Sovetov,Russian Premier Liga,1.15,1.39,40.08
294,303,KV Mechelen,Belgian Jupiler League,1.45,1.73,40.05
295,296,Viking FK,Norwegian Tippeligaen,1.47,1.76,39.96
296,297,Ludogorets,UEFA Europa League,1.25,1.51,39.87
297,333,Blackpool,English League Championship,1.17,1.42,39.81
298,293,Fortuna Sittard,Dutch Eredivisie,1.35,1.63,39.81
299,302,Huddersfield Town,English League Championship,1.05,1.28,39.8
300,299,BK Hacken,Swedish Allsvenskan,1.5,1.81,39.8
301,292,FC Juárez,Mexican Primera Division Torneo Apertura,0.94,1.15,39.7
302,291,Swansea City,English League Championship,1.2,1.46,39.69
303,315,Eibar,Spanish Segunda Division,1.11,1.35,39.68
304,275,FC Nordsjaelland,Danish SAS-Ligaen,1.17,1.44,39.36
305,331,San Lorenzo,Argentina Primera Division,1.06,1.31,39.3
306,310,Slovan Bratislava,UEFA Europa Conference League,1.13,1.4,39.27
307,295,Wolfsberger AC,Austrian T-Mobile Bundesliga,1.39,1.7,39.26
308,318,Gimnasia La Plata,Argentina Primera Division,0.97,1.21,39.22
309,307,Goiás,Brasileiro Série A,1.19,1.47,39.21
310,298,Chicago Fire,Major League Soccer,1.26,1.55,39.21
311,282,FC Dallas,Major League Soccer,1.22,1.51,39.2
312,308,Atlético San Luis,Mexican Primera Division Torneo Apertura,1.16,1.44,39.2
313,325,Cercle Brugge,Belgian Jupiler League,1.14,1.42,39.07
314,300,Kasimpasa,Turkish Turkcell Super Lig,1.41,1.75,38.95
315,356,Frosinone,Italy Serie B,1.2,1.49,38.94
316,305,Tigre,Argentina Primera Division,1.12,1.41,38.88
317,335,Orlando City SC,Major League Soccer,1.18,1.48,38.88
318,330,Dijon FCO,French Ligue 2,1.21,1.51,38.79
319,324,Omonia Nicosia,UEFA Europa Conference League,1.24,1.55,38.79
320,304,Derby County,English League One,1.15,1.45,38.73
321,319,Malmo FF,Swedish Allsvenskan,1.18,1.49,38.65
322,343,Gazisehir Gaziantep,Turkish Turkcell Super Lig,1.17,1.48,38.57
323,366,Sochaux,French Ligue 2,0.99,1.26,38.55
324,351,Hibernian,Scottish Premiership,1.07,1.36,38.53
325,348,Sheffield Wednesday,English League One,1.23,1.55,38.53
326,306,Mamelodi Sundowns,South African ABSA Premier League,1.15,1.47,38.42
327,346,CA Independiente,Argentina Primera Division,0.96,1.23,38.38
328,317,Livingston,Scottish Premiership,1.08,1.39,38.22
329,344,Toronto FC,Major League Soccer,1.35,1.72,38.08
330,326,Arminia Bielefeld,German 2. Bundesliga,1.24,1.6,37.99
331,379,Ipswich Town,English League One,1.05,1.37,37.97
332,327,Viborg,Danish SAS-Ligaen,1.2,1.54,37.97
333,362,Las Palmas,Spanish Segunda Division,1.04,1.35,37.94
334,312,Juventude,Brasileiro Série A,1.01,1.32,37.88
335,334,Benevento,Italy Serie B,1.06,1.38,37.86
336,321,Paris FC,French Ligue 2,1.04,1.36,37.86
337,350,WSG Swarovski Wattens,Austrian T-Mobile Bundesliga,1.36,1.75,37.75
338,332,Newell's Old Boys,Argentina Primera Division,0.97,1.27,37.72
339,363,SC Paderborn,German 2. Bundesliga,1.34,1.73,37.69
340,338,FC Cincinnati,Major League Soccer,1.44,1.85,37.68
341,301,Guingamp,French Ligue 2,1.17,1.53,37.67
342,329,Avaí,Brasileiro Série A,1.1,1.44,37.66
343,381,AGF Aarhus,Danish SAS-Ligaen,1.04,1.37,37.59
344,316,Defensa y Justicia,Argentina Primera Division,0.99,1.31,37.56
345,342,Lanus,Argentina Primera Division,1.09,1.43,37.53
346,341,Querétaro,Mexican Primera Division Torneo Apertura,1.08,1.43,37.48
347,345,Sunderland,English League Championship,1.14,1.5,37.39
348,361,Aberdeen,Scottish Premiership,1.1,1.45,37.39
349,340,Sivasspor,Turkish Turkcell Super Lig,1.16,1.52,37.38
350,354,Mazatlán FC,Mexican Primera Division Torneo Apertura,1.07,1.42,37.37
351,311,Union Santa Fe,Argentina Primera Division,1.01,1.34,37.3
352,328,Godoy Cruz,Argentina Primera Division,1.05,1.4,37.28
353,337,Hull City,English League Championship,1.07,1.43,37.27
354,339,Real Zaragoza,Spanish Segunda Division,1.0,1.33,37.25
355,336,KVC Westerlo,Belgian Jupiler League,1.26,1.65,37.24
356,374,Amiens,French Ligue 2,1.0,1.33,37.2
357,386,OH Leuven,Belgian Jupiler League,1.3,1.71,37.06
358,373,San Jose Earthquakes,Major League Soccer,1.4,1.84,37.05
359,359,Real Oviedo,Spanish Segunda Division,0.99,1.33,37.03
360,367,Austria Lustenau,Austrian T-Mobile Bundesliga,1.13,1.51,36.92
361,313,FC Khimki,Russian Premier Liga,1.11,1.49,36.85
362,365,Sagan Tosu,Japanese J League,1.09,1.47,36.81
363,370,Sporting Gijón,Spanish Segunda Division,1.01,1.37,36.68
364,323,Brescia,Italy Serie B,1.07,1.45,36.64
365,409,Stromsgodset,Norwegian Tippeligaen,1.27,1.7,36.55
366,382,Reading,English League Championship,1.12,1.51,36.53
367,360,Flora,UEFA Europa Conference League,1.33,1.78,36.51
368,353,Inter Miami CF,Major League Soccer,1.27,1.7,36.48
369,377,AaB,Danish SAS-Ligaen,1.17,1.58,36.39
370,375,Sporting Kansas City,Major League Soccer,1.16,1.57,36.34
371,364,Fortuna Düsseldorf,German 2. Bundesliga,1.13,1.54,36.3
372,388,Rosario Central,Argentina Primera Division,1.04,1.44,36.29
373,371,Nagoya Grampus Eight,Japanese J League,0.87,1.21,36.23
374,368,Vissel Kobe,Japanese J League,1.03,1.43,36.1
375,383,Wigan,English League Championship,1.0,1.39,36.03
376,355,Birmingham,English League Championship,1.04,1.44,35.99
377,372,Grasshoppers Zürich,Swiss Raiffeisen Super League,1.23,1.69,35.87
378,352,FC St. Pauli,German 2. Bundesliga,1.25,1.72,35.7
379,357,Kayserispor,Turkish Turkcell Super Lig,1.13,1.58,35.56
380,358,Hatayspor,Turkish Turkcell Super Lig,1.19,1.66,35.51
381,349,SD Huesca,Spanish Segunda Division,1.01,1.44,35.47
382,376,SK Austria Klagenfurt,Austrian T-Mobile Bundesliga,1.14,1.6,35.41
383,347,Standard Liege,Belgian Jupiler League,1.18,1.66,35.33
384,396,KV Kortrijk,Belgian Jupiler League,1.08,1.53,35.28
385,385,FC Luzern,Swiss Raiffeisen Super League,1.22,1.71,35.2
386,393,1. FC Heidenheim 1846,German 2. Bundesliga,1.1,1.57,35.15
387,387,FC Lugano,Swiss Raiffeisen Super League,1.23,1.73,35.14
388,412,FC Cartagena,Spanish Segunda Division,1.12,1.59,35.12
389,380,IF Elfsborg,Swedish Allsvenskan,1.26,1.78,34.93
390,369,Fatih Karagümrük,Turkish Turkcell Super Lig,1.15,1.64,34.89
391,390,Kairat Almaty,UEFA Europa Conference League,1.12,1.6,34.87
392,392,FC Zorya Luhansk,UEFA Europa Conference League,1.03,1.49,34.83
393,391,Kashiwa Reysol,Japanese J League,1.03,1.5,34.72
394,399,Vancouver Whitecaps,Major League Soccer,1.17,1.69,34.62
395,395,Hartberg,Austrian T-Mobile Bundesliga,1.14,1.65,34.6
396,448,Karlsruher SC,German 2. Bundesliga,1.3,1.85,34.57
397,404,Motherwell,Scottish Premiership,1.1,1.59,34.57
398,389,Pisa,Italy Serie B,1.1,1.59,34.56
399,384,Leganes,Spanish Segunda Division,0.96,1.42,34.47
400,401,Platense,Argentina Primera Division,0.93,1.39,34.41
401,400,Colon Santa Fe,Argentina Primera Division,0.98,1.45,34.33
402,468,Le Havre,French Ligue 2,0.97,1.45,34.13
403,397,Ascoli,Italy Serie B,0.95,1.43,34.04
404,405,Rotherham United,English League Championship,0.97,1.46,34.0
405,378,Banfield,Argentina Primera Division,0.89,1.35,33.99
406,403,NS Mura,UEFA Europa Conference League,1.11,1.64,33.99
407,411,Giresunspor,Turkish Turkcell Super Lig,1.02,1.52,33.88
408,406,Jablonec,UEFA Europa Conference League,1.1,1.63,33.87
409,436,AIK,Swedish Allsvenskan,1.13,1.67,33.86
410,423,FK Nizhny Novgorod,Russian Premier Liga,0.96,1.47,33.61
411,421,Charlotte FC,Major League Soccer,1.11,1.66,33.61
412,394,KV Oostende,Belgian Jupiler League,1.06,1.6,33.53
413,407,Nimes,French Ligue 2,1.0,1.52,33.49
414,408,Central Córdoba Santiago del Estero,Argentina Primera Division,0.95,1.46,33.41
415,416,Tenerife,Spanish Segunda Division,0.89,1.38,33.4
416,428,Atlético Tucumán,Argentina Primera Division,0.88,1.37,33.23
417,415,Shimizu S-Pulse,Japanese J League,1.14,1.72,33.21
418,418,Fakel Voronezh,Russian Premier Liga,1.04,1.59,33.2
419,402,SV Ried,Austrian T-Mobile Bundesliga,1.01,1.55,33.2
420,420,Ross County,Scottish Premiership,1.04,1.6,33.13
421,398,SpVgg Greuther Fürth,German 2. Bundesliga,1.16,1.75,33.07
422,435,1. FC Nürnberg,German 2. Bundesliga,1.1,1.68,32.96
423,427,Houston Dynamo,Major League Soccer,1.18,1.79,32.88
424,444,Hannover 96,German 2. Bundesliga,1.13,1.73,32.87
425,439,Patronato,Argentina Primera Division,1.0,1.55,32.81
426,419,FC Sion,Swiss Raiffeisen Super League,1.15,1.76,32.74
427,422,Cittadella,Italy Serie B,0.91,1.45,32.58
428,437,Portsmouth,English League One,1.1,1.7,32.5
429,424,Servette,Swiss Raiffeisen Super League,1.06,1.65,32.48
430,410,Bastia,French Ligue 2,0.97,1.53,32.48
431,414,Gazovik Orenburg,Russian Premier Liga,1.04,1.63,32.45
432,425,Sarmiento,Argentina Primera Division,0.96,1.52,32.41
433,426,Mirandes,Spanish Segunda Division,0.97,1.54,32.39
434,433,Ternana,Italy Serie B,1.12,1.74,32.34
435,431,Ankaragucu,Turkish Turkcell Super Lig,0.97,1.54,32.24
436,413,IFK Goteborg,Swedish Allsvenskan,0.94,1.51,32.16
437,432,FC Tokyo,Japanese J League,0.95,1.53,32.15
438,469,St Mirren,Scottish Premiership,0.89,1.47,31.64
439,434,AC Horsens,Danish SAS-Ligaen,0.92,1.53,31.38
440,455,SD Ponferradina,Spanish Segunda Division,1.02,1.67,31.25
441,429,Ural Sverdlovsk Oblast,Russian Premier Liga,0.82,1.39,31.24
442,438,Haugesund,Norwegian Tippeligaen,1.14,1.84,31.08
443,440,Perugia,Italy Serie B,0.81,1.39,31.05
444,452,Como,Italy Serie B,1.04,1.72,30.81
445,449,Melbourne City,Australian A-League,1.12,1.82,30.77
446,445,Louisville City FC,United Soccer League,0.98,1.65,30.64
447,443,Kilmarnock,Scottish Premiership,0.96,1.62,30.55
448,447,Holstein Kiel,German 2. Bundesliga,1.19,1.94,30.43
449,463,Odense BK,Danish SAS-Ligaen,1.02,1.72,30.28
450,462,Spal,Italy Serie B,0.99,1.68,30.2
451,456,Arsenal Sarandi,Argentina Primera Division,0.8,1.42,30.11
452,446,Tampa Bay Rowdies,United Soccer League,1.02,1.73,30.01
453,417,Dundee Utd,Scottish Premiership,0.92,1.6,29.99
454,441,SV Zulte Waregem,Belgian Jupiler League,1.08,1.82,29.98
455,453,Ionikos FC,Greek Super League,0.95,1.64,29.97
456,450,Umraniyespor,Turkish Turkcell Super Lig,0.93,1.62,29.81
457,459,Burgos,Spanish Segunda Division,0.78,1.42,29.65
458,464,Maccabi Haifa,UEFA Europa Conference League,0.81,1.46,29.65
459,430,Barnsley,English League One,0.99,1.71,29.64
460,485,Peterborough United,English League One,1.02,1.77,29.44
461,458,Sarpsborg,Norwegian Tippeligaen,1.15,1.96,29.29
462,461,Cashpoint SC Rheindorf Altach,Austrian T-Mobile Bundesliga,1.03,1.79,29.18
463,467,Torpedo Moskow,Russian Premier Liga,0.93,1.66,29.11
464,442,DC United,Major League Soccer,1.09,1.88,29.08
465,473,Barracas Central,Argentina Primera Division,0.87,1.6,28.93
466,480,Laval,French Ligue 2,0.95,1.7,28.92
467,466,Villarreal B,Spanish Segunda Division,0.92,1.67,28.86
468,460,UD Ibiza,Spanish Segunda Division,0.9,1.63,28.85
469,477,Hansa Rostock,German 2. Bundesliga,0.91,1.66,28.65
470,454,Bolton,English League One,0.89,1.64,28.5
471,472,Volos NFC,Greek Super League,0.95,1.73,28.48
472,474,HJK Helsinki,UEFA Europa Conference League,0.88,1.63,28.37
473,471,Bari,Italy Serie B,0.94,1.72,28.32
474,476,Guangzhou Evergrande,Chinese Super League,1.08,1.93,28.19
475,465,Lyngby,Danish SAS-Ligaen,0.94,1.73,28.16
476,457,Eupen,Belgian Jupiler League,0.99,1.81,28.0
477,483,Kalmar FF,Swedish Allsvenskan,0.85,1.61,27.94
478,514,Wycombe Wanderers,English League One,0.96,1.78,27.94
479,486,Niort,French Ligue 2,0.85,1.63,27.68
480,504,San Diego Loyal SC,United Soccer League,1.11,2.01,27.6
481,479,Grenoble,French Ligue 2,0.68,1.39,27.56
482,470,Málaga,Spanish Segunda Division,0.82,1.6,27.45
483,488,Asteras Tripolis,Greek Super League,0.84,1.65,27.18
484,451,Jahn Regensburg,German 2. Bundesliga,0.93,1.78,27.17
485,507,Aldosivi,Argentina Primera Division,0.77,1.54,27.17
486,481,Valenciennes,French Ligue 2,0.72,1.47,27.13
487,475,Avispa Fukuoka,Japanese J League,0.65,1.37,27.06
488,484,Albacete,Spanish Segunda Division,0.86,1.69,26.9
489,490,Palermo,Italy Serie B,0.86,1.71,26.6
490,482,St Johnstone,Scottish Premiership,0.75,1.55,26.52
491,493,Aalesund,Norwegian Tippeligaen,0.88,1.75,26.46
492,502,Odd BK,Norwegian Tippeligaen,0.98,1.91,26.23
493,522,Hamarkamaratene,Norwegian Tippeligaen,0.82,1.68,26.15
494,487,Lugo,Spanish Segunda Division,0.78,1.62,26.1
495,495,Racing Santander,Spanish Segunda Division,0.82,1.69,25.91
496,510,Mjallby,Swedish Allsvenskan,0.7,1.5,25.9
497,491,Reggina,Italy Serie B,0.74,1.57,25.85
498,506,Sydney FC,Australian A-League,1.04,2.02,25.82
499,489,Milton Keynes Dons,English League One,0.8,1.67,25.8
500,498,Giannina,Greek Super League,0.75,1.59,25.79
501,497,Tromso,Norwegian Tippeligaen,0.88,1.81,25.64
502,509,Kyoto Purple Sanga,Japanese J League,0.73,1.57,25.63
503,494,FC Andorra,Spanish Segunda Division,0.8,1.68,25.6
504,492,IFK Norrkoping,Swedish Allsvenskan,0.91,1.85,25.58
505,511,San Antonio FC,United Soccer League,0.86,1.77,25.53
506,519,Atromitos,Greek Super League,0.8,1.68,25.53
507,500,Modena,Italy Serie B,0.84,1.75,25.42
508,505,Consadole Sapporo,Japanese J League,0.95,1.92,25.35
509,501,Oxford United,English League One,0.9,1.85,25.24
510,499,Gamba Osaka,Japanese J League,0.83,1.75,25.2
511,478,Istanbulspor,Turkish Turkcell Super Lig,0.8,1.71,25.17
512,518,Cosenza,Italy Serie B,0.78,1.67,25.17
513,496,OFI Crete,Greek Super League,0.86,1.8,25.09
514,516,Melbourne Victory,Australian A-League,0.92,1.9,24.96
515,517,Beijing Guoan,Chinese Super League,0.98,1.99,24.95
516,533,RFC Seraing,Belgian Jupiler League,0.8,1.72,24.8
517,508,SV Sandhausen,German 2. Bundesliga,0.83,1.78,24.77
518,513,Charlton Athletic,English League One,0.82,1.77,24.73
519,521,Shonan Bellmare,Japanese J League,0.65,1.5,24.68
520,515,Salford City,English League Two,0.85,1.83,24.37
521,512,Sandefjord,Norwegian Tippeligaen,1.09,2.2,24.27
522,520,Shanghai SIPG,Chinese Super League,0.9,1.92,24.26
523,503,Pau,French Ligue 2,0.78,1.76,23.87
524,525,US Quevilly,French Ligue 2,0.69,1.61,23.81
525,524,Sudtirol,Italy Serie B,0.77,1.76,23.55
526,527,Panetolikos,Greek Super League,0.69,1.65,23.35
527,532,Annecy,French Ligue 2,0.76,1.77,23.33
528,531,Rodez,French Ligue 2,0.64,1.58,23.17
529,526,IK Sirius,Swedish Allsvenskan,0.82,1.89,23.02
530,530,Orlando Pirates,South African ABSA Premier League,0.62,1.56,22.94
531,536,Birmingham Legion FC,United Soccer League,0.86,1.94,22.93
532,523,Pittsburgh Riverhounds,United Soccer League,0.81,1.89,22.78
533,547,Plymouth Argyle,English League One,0.75,1.79,22.71
534,541,1. FC Kaiserslautern,German 2. Bundesliga,0.78,1.87,22.29
535,534,Winterthur,Swiss Raiffeisen Super League,0.73,1.79,22.23
536,528,Levadiakos,Greek Super League,0.78,1.87,22.21
537,529,Kaizer Chiefs,South African ABSA Premier League,0.64,1.68,21.59
538,537,Western Sydney FC,Australian A-League,0.91,2.15,21.37
539,538,Western United,Australian A-League,0.84,2.03,21.29
540,539,Adelaide United,Australian A-League,0.83,2.03,21.1
541,540,Alashkert FC,UEFA Europa Conference League,0.58,1.62,21.06
542,543,Memphis 901 FC,United Soccer League,0.83,2.03,21.04
543,542,Kristiansund BK,Norwegian Tippeligaen,0.86,2.1,20.73
544,544,Central Coast Mariners,Australian A-League,0.93,2.23,20.68
545,546,Newcastle Jets,Australian A-League,0.86,2.13,20.59
546,549,Oakland Roots,United Soccer League,0.81,2.06,20.34
547,535,Lincoln City,English League One,0.7,1.89,20.02
548,548,Jubilo Iwata,Japanese J League,0.68,1.86,19.95
549,550,New Mexico United,United Soccer League,0.73,1.96,19.9
550,562,Sacramento Republic FC,United Soccer League,0.68,1.9,19.56
551,563,Rio Grande Valley FC Toros,United Soccer League,0.64,1.87,18.99
552,545,Shrewsbury Town,English League One,0.55,1.71,18.94
553,555,Arizona United,United Soccer League,0.8,2.17,18.76
554,559,Eintracht Braunschweig,German 2. Bundesliga,0.71,2.02,18.63
555,564,Miami FC,United Soccer League,0.62,1.87,18.55
556,569,Black Aces,South African ABSA Premier League,0.55,1.75,18.51
557,558,Shandong Luneng,Chinese Super League,0.82,2.22,18.5
558,560,Jiangsu Suning FC,Chinese Super League,0.71,2.04,18.37
559,551,1. FC Magdeburg,German 2. Bundesliga,0.71,2.04,18.35
560,552,Colorado Springs Switchbacks FC,United Soccer League,0.83,2.24,18.34
561,557,SuperSport United,South African ABSA Premier League,0.59,1.84,18.18
562,553,Lamia,Greek Super League,0.49,1.66,18.06
563,554,Exeter City,English League One,0.65,1.99,17.82
564,565,Fleetwood Town,English League One,0.65,1.99,17.76
565,556,El Paso Locomotive FC,United Soccer League,0.69,2.07,17.54
566,567,IFK Värnamo,Swedish Allsvenskan,0.62,1.95,17.51
567,566,Stellenbosch FC,South African ABSA Premier League,0.48,1.69,17.46
568,568,Mansfield Town,English League Two,0.67,2.06,17.38
569,571,Accrington Stanley,English League One,0.75,2.2,17.28
570,575,Doncaster Rovers,English League Two,0.66,2.04,17.27
571,574,Cheltenham Town,English League One,0.68,2.09,17.04
572,578,AmaZulu,South African ABSA Premier League,0.47,1.72,16.97
573,572,Brisbane Roar,Australian A-League,0.66,2.08,16.91
574,570,Bristol Rovers,English League One,0.63,2.03,16.79
575,561,Forest Green Rovers,English League One,0.59,2.0,16.43
576,576,Lincoln Red Imps,UEFA Europa Conference League,0.66,2.12,16.3
577,577,Macarthur FC,Australian A-League,0.78,2.35,16.27
578,582,Varbergs BoIS FC,Swedish Allsvenskan,0.59,2.02,16.1
579,580,Northampton Town,English League Two,0.6,2.07,15.75
580,583,Swindon Town,English League Two,0.6,2.07,15.72
581,581,Cambridge United,English League One,0.58,2.03,15.7
582,573,Colchester United,English League Two,0.61,2.11,15.45
583,585,Port Vale,English League One,0.56,2.03,15.34
584,579,Orange County SC,United Soccer League,0.57,2.08,14.98
585,588,Leyton Orient,English League Two,0.49,1.93,14.96
586,590,Detroit City FC,United Soccer League,0.47,2.0,13.64
587,589,Wellington Phoenix,Australian A-League,0.67,2.44,13.27
588,587,Royal AM,South African ABSA Premier League,0.5,2.13,13.11
589,586,Burton Albion,English League One,0.55,2.24,12.99
590,591,LA Galaxy II,United Soccer League,0.63,2.4,12.91
591,594,Tulsa Roughnecks,United Soccer League,0.57,2.3,12.82
592,584,FK Jerv,Norwegian Tippeligaen,0.56,2.29,12.74
593,598,Moroka Swallows,South African ABSA Premier League,0.44,2.04,12.73
594,596,Morecambe,English League One,0.49,2.16,12.58
595,599,Helsingborgs IF,Swedish Allsvenskan,0.42,2.01,12.54
596,592,TS Galaxy,South African ABSA Premier League,0.28,1.72,12.34
597,595,Degerfors IF,Swedish Allsvenskan,0.54,2.29,12.25
598,600,Sekhukhune United,South African ABSA Premier League,0.3,1.79,12.16
599,593,Golden Arrows,South African ABSA Premier League,0.37,1.95,12.06
600,606,AFC Wimbledon,English League Two,0.47,2.2,11.89
601,601,Tianjin Teda,Chinese Super League,0.5,2.26,11.8
602,597,Tranmere Rovers,English League Two,0.37,1.99,11.68
603,605,Crewe Alexandra,English League Two,0.44,2.17,11.44
604,602,Charleston Battery,United Soccer League,0.59,2.51,11.41
605,617,Bradford City,English League Two,0.39,2.09,11.13
606,604,Shanghai Greenland,Chinese Super League,0.56,2.47,11.13
607,611,Tshakhuma Tsha Madzivhandila,South African ABSA Premier League,0.25,1.79,10.91
608,603,Hartford Athletic,United Soccer League,0.48,2.34,10.87
609,615,Maritzburg Utd,South African ABSA Premier League,0.26,1.85,10.71
610,608,Chippa United,South African ABSA Premier League,0.28,1.91,10.59
611,607,GIF Sundsvall,Swedish Allsvenskan,0.55,2.53,10.58
612,610,Hebei China Fortune FC,Chinese Super League,0.5,2.43,10.52
613,609,Richards Bay,South African ABSA Premier League,0.31,2.0,10.36
614,613,Henan Jianye,Chinese Super League,0.46,2.36,10.34
615,619,Stevenage,English League Two,0.39,2.21,10.18
616,622,Newport County,English League Two,0.39,2.24,10.06
617,618,Dalian Aerbin,Chinese Super League,0.51,2.51,9.96
618,612,Gillingham,English League Two,0.35,2.16,9.79
619,620,Guangzhou RF,Chinese Super League,0.66,2.86,9.74
620,616,Sutton United,English League Two,0.32,2.1,9.73
621,614,Monterey Bay,United Soccer League,0.33,2.13,9.7
622,621,Perth Glory,Australian A-League,0.43,2.38,9.64
623,623,Wuhan Zall,Chinese Super League,0.39,2.32,9.4
624,627,Las Vegas Lights FC,United Soccer League,0.33,2.2,9.26
625,625,Stockport County,English League Two,0.38,2.33,9.03
626,624,Indy Eleven,United Soccer League,0.35,2.29,9.01
627,629,Barrow,English League Two,0.31,2.23,8.69
628,628,Harrogate Town,English League Two,0.33,2.35,8.14
629,630,Tianjin Quanujian,Chinese Super League,0.37,2.51,7.83
630,626,Rochdale,English League Two,0.25,2.19,7.73
631,631,Shenzhen FC,Chinese Super League,0.4,2.6,7.73
632,632,Chongqing Lifan,Chinese Super League,0.3,2.35,7.66
633,633,Walsall,English League Two,0.2,2.13,7.34
634,637,Loudoun United FC,United Soccer League,0.38,2.61,7.33
635,636,Grimsby Town,English League Two,0.2,2.19,6.98
636,635,Carlisle United,English League Two,0.2,2.2,6.93
637,634,Crawley Town,English League Two,0.23,2.33,6.62
638,638,Hartlepool,English League Two,0.2,2.44,5.59
639,639,Atlanta United 2,United Soccer League,0.43,3.09,5.53
640,641,New York Red Bulls II,United Soccer League,0.21,2.59,5.04
641,640,Guizhou Renhe,Chinese Super League,0.2,2.61,4.86
