Rank	Team ID	Manager	Rating
1	4305040	Fábio Borges	99.03
2	17068	Finn Sollie	98.83
3	29872	Mark Hurst	98.68
4	1662543	Jon Ballantyne	98.46
5	223520	John Walsh	98.40
6	14139	Jan K?pski	98.28
7	4841	Frank Pedersen	98.17
8	4791	David Fairchild	98.12
9	97907	Tom Dollimore	98.06
10	422747	Runar Andersen	97.98
11	928494	Jamie Kellas	97.96
12	85828	Mats Oftedal	97.89
13	7632	Ben Crellin	97.83
14	2905	Mark Mansfield	97.82
15	27100	Sam Hackett	97.80
16	508	Alistair Hughes	97.79
17	9063	Lion King	97.78
18	14165	Tom Stephenson	97.75
19	477207	Kelvin Hang	97.75
20	3253	John Canning	97.74
21	119	Markku Ojala	97.73
22	109050	Andy Dutton	97.72
23	147573	Rob Mayes	97.72
24	222561	Abinav C	97.72
25	6220	Paul Quilter	97.71
26	29582	Jørgen Stenseth	97.71
27	468584	Cak Juris	97.70
28	157354	Matt Corbidge	97.70
29	400206	Stephen Devlin	97.69
30	4914	Conor's Team	97.67
31	222465	Jakob Dotevall	97.66
32	135665	Craig Marshall	97.62
33	289171	Raphaël Crettol	97.62
34	246044	Richard Clarke	97.62
35	101144	Harry West	97.61
36	168456	Sean Connors	97.61
37	6527	_Calm _	97.59
38	6312	Harry Daniels	97.59
39	24476	Ignazio La Rosa	97.59
40	74515	Ha fiz	97.59
41	2606003	Khaled Zaki	97.58
42	7336	Adam Osak @StoichkovFPL	97.56
43	4313	Jovan Popovi?	97.55
44	150	Michael Giovanni	97.54
45	4882121	Tom Grant	97.53
46	59940	Theodor Ingi Palmason	97.53
47	51396	Seb Wassell	97.52
48	2620031	Naeem Majeed	97.51
49	158364	Ómar Olgeirsson	97.51
50	29824	Tom N	97.50
51	3042507	Nimrod Singerman	97.50
52	1099	Michael Williams	97.50
53	4737	Sondre Haug	97.49
54	1260	Bjørnar Jakobsen	97.49
55	15051	Paul Marshman	97.49
56	456961	Paul Godson	97.47
57	4684237	Gatis Stepanovs	97.47
58	2852	Dan Wright	97.46
59	83659	Jack Vamplew	97.45
60	2357781	Alexander Näsholm	97.45
61	2827	Sigurd Holen	97.44
62	493821	Torkel Wahl-Olsen	97.44
63	233598	Ole Martin Stabbetorp	97.44
64	1761	Morten Tveito	97.43
65	16936	Tobias Grahl	97.42
66	3352	Dan Bennett	97.42
67	102781	Murat Erdemli	97.41
68	536	Jerome Hughes	97.41
69	498459	Simon MacNair	97.41
70	1246656	Max Bentley	97.41
71	352	Adnan Hajrulahovi?	97.41
72	46553	Niall O'Connor	97.41
73	5304289	Brusdal Brusdal	97.40
74	36355	Kristoffer Asp	97.38
75	70211	Ahmed Mohamed	97.38
76	2863	James Cooper	97.37
77	5562	Samson Baretto	97.35
78	15723	Jon Corke	97.35
79	30483	Asgeir Gylland	97.34
80	468117	Martin Janson	97.34
81	569	Stephan Haugsrud	97.33
82	22018	James Bailey	97.32
83	806319	Sam Burton	97.31
84	6585	kieren russell	97.30
85	3018	Tom Rowe	97.30
86	1502412	Dave Addy	97.30
87	1175	Knut Henrik Rolland	97.29
88	27804	Jonas Fougner	97.29
89	8493	Ally Christodoulou	97.29
90	38363	Ben Alexander	97.29
91	385081	Petteri Ylimaa	97.29
92	5368	Andrew Fowke	97.29
93	15025	Andrew Neave	97.28
94	24745	Vitalio Lyudmilov ????	97.28
95	13467	Nick Jones	97.28
96	55432	Sean Tobin	97.27
97	55079	Yavuz Kabuk	97.27
98	434316	Chris Castorina	97.27
99	3303	Adam Seel	97.26
100	622	Jordan Bishop	97.26
101	6059	Neil Taylor	97.26
102	14788	Henry Ilonen	97.25
103	450634	Troy Tobin	97.25
104	403542	Mark Lynch	97.25
105	11517	Paul Treacy	97.25
106	414796	Sebastian Jönsson	97.25
107	1530728	Srdjan Labus	97.24
108	50093	Tod Modisette	97.24
109	375457	Brent Horner	97.24
110	5557517	Ian Wilson	97.24
111	282096	Mustafa Bialk	97.24
112	2747094	Joseph Humphreys	97.23
113	2722584	vincent townsend	97.22
114	1803818	Tom Burton	97.21
115	14488	Bharat Batra	97.21
116	806833	Richard Jacobson	97.21
117	30420	Jon Thomsen	97.20
118	5721531	Suzanne Treacy	97.20
119	7545203	Jason Tarr	97.20
120	34519	David Faukner Bendiksen	97.20
121	221315	Axel Knowles	97.19
122	532774	Corey Baker	97.19
123	112028	David Williams	97.19
124	19282	Jesper Øiestad	97.19
125	1379	Hasan Kaan Gürkan	97.19
126	2620693	Greg Mckenzie	97.19
127	10298	gavin butler	97.19
128	425297	Widi Susanto	97.18
129	27662	Jake Logan	97.18
130	1443	Chris Bristow	97.18
131	2011819	George Johnson	97.18
132	358	Abdul Rehman	97.18
133	5611	Justin Zhao	97.17
134	29584	Magnar Nordtun	97.17
135	558118	Mato Stanic	97.16
136	7710	Johannes Suppanen	97.16
137	41441	Benjamin Sirnes	97.15
138	14995	Nick Warner	97.15
139	1150	James Harding	97.15
140	27698	Mark Bennett	97.14
141	156502	Nick Spencer	97.13
142	329799	Tor Mikkel Tokvam	97.13
143	31291	Paulius Uziela	97.12
144	4881	David Westman	97.12
145	114695	Dmytro Zaichenko	97.12
146	52449	Kasper Finnila	97.12
147	1771540	ALAN DAY	97.11
148	1733762	Liam McAllister	97.11
149	188810	Mike Maloney	97.11
150	8148	Robert Rowbotham	97.11
151	18803	Jamie Rafferty	97.11
152	1902	Alexander Krogstad	97.10
153	748	Khalid Ameen	97.10
154	4039	Obay Eid	97.10
155	19469	John Sverre Lovaas	97.10
156	1802945	Robert Wattel	97.09
157	1961178	Daniel birkett	97.09
158	3882	Callum Croal	97.09
159	1376337	Anthony Mortimer	97.08
160	22977	Sindre Askeland	97.07
161	91204	Christoffer Magnus	97.07
162	81847	Liad Levy	97.07
163	880	Jack Palmer	97.07
164	12977	Joe Stone	97.07
165	114430	Ali Jahangirov	97.06
166	3439	Alex Ivison	97.06
167	4862	Neil Fleeson	97.06
168	8057	Ryan ROWE	97.06
169	1041	Iain Walker	97.05
170	3107828	Darragh Gibbons	97.05
171	390903	Stian Hornnes	97.05
172	16057	David Cousins	97.05
173	2724618	Lasse Malin	97.04
174	6876	Henry Shere	97.04
175	128764	Kevin Burgum	97.04
176	22490	Gary Lee	97.03
177	36	Chris Jenkins	97.03
178	14015	Bogdan Vasile	97.02
179	4578	Aleksander Våge Nilsen	97.02
180	2814525	Anders Grue	97.02
181	5020450	Lars Hektoen	97.02
182	387	Andy LTFPL	97.02
183	3602	Alexander Quant	97.02
184	2740482	Torstein Gunnarsen	97.02
185	817461	josh hinchliffe	97.01
186	4028	Utkarsh D	97.01
187	1446	Ahmed AbdElhady	97.00
188	12426	Garry Murray	97.00
189	2403	Chad Damons (@fpl_chad)	97.00
190	3528394	Yashraj Singh	97.00
191	9007	Will Thomas	97.00
192	93	Marta D?browska	96.99
193	126490	Marius Aas	96.99
194	1516797	Chris Woods	96.99
195	270119	Marcin Rodziewicz	96.98
196	43128	James Marley	96.98
197	4365	Jack B	96.98
198	8216	Morten Offerdal	96.98
199	15218	Alexandros Vassiliou	96.98
200	396715	Sergio Pinheiro	96.98
201	256621	Ashton Shields	96.97
202	210567	Endre Berg Leiren	96.97
203	51604	Will Baxter	96.97
204	21386	Anh Le	96.97
205	3239561	Nathan Jones	96.97
206	75082	lari ahti	96.96
207	13859	Grigoris Pasialis	96.96
208	8674	Anders Lium	96.96
209	348751	Oliver Symes	96.95
210	14266	Michael Tarasko	96.95
211	1853820	Yiannis Pachipis	96.95
212	368728	Adam Zhafri	96.95
213	173	Siddharth Mohindroo	96.95
214	454846	Marc Yonkers	96.95
215	13112	William Johansson	96.94
216	405521	Harry von Behr	96.94
217	1680088	Amy Riley	96.94
218	1396	Michael Scott	96.94
219	421793	Balajee C R	96.94
220	3085078	Paul Townsend	96.94
221	5224049	Magne Loftesnes	96.93
222	36965	Adam Hopcroft	96.93
223	2270337	Ralph Prince	96.93
224	1774	Sebastian Hasselberg	96.93
225	4050202	Eivind Almhjell	96.93
226	23946	Øyvind Bjørnevik	96.92
227	4964	Joakim Ahlström	96.92
228	2316782	Cameron Reid	96.92
229	2114054	Hmdan Albuhiri	96.92
230	7590	Bradley Finney	96.92
231	18376	Peter Brooks	96.91
232	3171054	Carrick Loh	96.91
233	12106	Karim Zikry	96.91
234	5	William Macnair	96.91
235	9604	Mohamed Hany	96.90
236	523713	Gursimran Singh	96.90
237	1079491	Stephen Fullerton	96.90
238	6232	Colin Innes	96.90
239	5766	Dino Shan	96.90
240	9538	Jordie van der Laan	96.90
241	1512552	Terje Kvarme	96.89
242	11921	Ahmed Shahin	96.89
243	92314	sameer sohail	96.89
244	2996169	Kim Hughes	96.89
245	357164	Harry Vernon	96.89
246	902	Tore Kalleberg	96.89
247	358996	Tom Apedaile	96.88
248	1779785	Nick Dowling	96.88
249	509305	Serge Gusev	96.88
250	11349	Mark Sutherns	96.88
251	201644	Andrew White	96.88
252	1498937	Bei Guo	96.87
253	16018	Kevin Lamb	96.87
254	20373	Anthony Brown	96.87
255	126898	Tim Hill	96.87
256	18117	Ole Nikolai Lie	96.87
257	67114	Douglas Sharp	96.87
258	101195	Tom Purslow	96.87
259	2005991	Christoffer Olsen	96.86
260	2443929	Tommy Sweeney	96.86
261	1628	Martin Lissvall	96.86
262	9780	Chinmay Gharat	96.86
263	2359	?ukasz Wo?niak	96.86
264	96382	Wayne Hapgood	96.85
265	353488	Sam Varghese	96.85
266	757622	Josh Edwards	96.85
267	1404707	Aditya K	96.85
268	1958096	timo riekko	96.85
269	194200	Stefan Kalini?	96.85
270	14399	Eoghan McLaughlin	96.84
271	377246	Ralph Utton	96.84
272	1792	Vegard Halgunset	96.84
273	3764752	David Corkett	96.84
274	116786	Chevyn Luckyram	96.84
275	198951	Tiago Ferreira	96.84
276	3866582	Mohammed Imran	96.83
277	219427	Gary Hatfield	96.83
278	2600105	Elliott O'Bray	96.83
279	1870	Tom Miller	96.83
280	36287	Andrew Butcher	96.83
281	1612481	Matt Niescierowicz	96.83
282	22233	Enda Falvey	96.82
283	1683895	Mark Antoncich	96.82
284	2878	S K	96.82
285	626230	Neel Parmar	96.82
286	2514	Mark McGettigan	96.82
287	33824	Ryan Skeoch	96.82
288	9873	The Magician	96.82
289	1389389	Kshitiz Bhaskar	96.82
290	504515	Ger Newman	96.82
291	1430605	adrian jones	96.82
292	207646	Aidid Bazli	96.81
293	4053221	Liam Paffett	96.81
294	20246	Jonas Höglund	96.81
295	11792	Alan Sham	96.81
296	341624	Ville Valtanen	96.81
297	2663	Christian Westgaard	96.81
298	25492	Jack Oswald	96.81
299	6705	Robert Forsyth	96.81
300	4684797	Matthew Karan	96.81
301	439318	Mike Varcoe	96.80
302	92695	Daniel Hennessey	96.80
303	339042	Remy Snilstveit	96.80
304	12315	Pras United	96.80
305	74278	Rick Porter	96.79
306	1360388	Tom Jenkins	96.79
307	270852	David Meechan	96.79
308	148365	Eslam Mamdouh•????•	96.79
309	1439616	Filip Košuti?	96.79
310	26826	Robel Asfaha	96.79
311	30826	Qian Hao Ong	96.79
312	10846	Baste Kolnes	96.79
313	106508	Stephan Schenck	96.79
314	484906	Alex Stones	96.79
315	7341	mohamed ahmed	96.79
316	14077	Paul Foulder	96.79
317	29857	Daniel Lofts	96.78
318	12065	Emil Gustafsson	96.78
319	301	Alastair Cowper	96.78
320	135471	Jaakko Luumi	96.78
321	187863	Tom Baxter	96.78
322	110280	Fredrik Hovden	96.78
323	238454	James Smith	96.78
324	19428	Tobias Gunerius Hafrom	96.77
325	9186	Kyle Winfield	96.77
326	19083	Grunde Axelsen	96.77
327	5026191	Adam Brady	96.77
328	584	Bjarne Martinussen	96.77
329	221645	Dave Round	96.76
330	943821	Eivind Thorsen	96.76
331	138904	Justin Rees	96.76
332	22824	Mat Gilbert	96.76
333	24053	Alan Holohan	96.75
334	40724	Olle Sellen	96.75
335	2716169	Brad Howard	96.75
336	325481	Morten Munch Mindegaard????????????	96.75
337	32106	Norman Munro	96.75
338	748358	Sreenath Jayaraj	96.75
339	3741228	Henri Äär	96.75
340	34031	Alexander Borge	96.75
341	4067	David Jack	96.74
342	5190	Ilmari Juva	96.74
343	53550	Yaron Blanc	96.74
344	91711	Jonas Dagsland	96.74
345	27120	Andrew Smith	96.73
346	1208	Henrik Haukom	96.73
347	1984897	Svein Eriksen	96.73
348	2532	Juha Häkkinen	96.73
349	187992	Jakob Bernstein	96.73
350	4780620	John Haugh	96.73
351	954760	Arnulv Øye	96.73
352	27476	Lee D	96.73
353	4757	Vinay Ashwin	96.72
354	8297	Hallstein Brøtan	96.72
355	50254	Daniel Brenn	96.72
356	15017	Mateusz M	96.72
357	717303	Marcus Möller	96.72
358	2342715	Kristoffer Hagen	96.72
359	3969422	Milos Podgorac	96.72
360	6874	Dan Smith	96.72
361	2167	D C	96.71
362	1378	Christos Myrtos	96.71
363	361959	Caspar Friberg	96.71
364	16369	Stephen Carey	96.71
365	509974	Antriksh Sudan	96.71
366	291663	Patrick M	96.71
367	422087	Dan Pitt	96.71
368	134259	Sachin Patel	96.71
369	6655	Sakari Uutela	96.71
370	5114857	Vilhelm Edsmyr	96.71
371	27855	FPL Parrot	96.71
372	2930	David Nataf	96.70
373	265906	Przemys?aw Pawelec	96.70
374	117137	ADAM BUDIMAN	96.70
375	51725	@FPL Matthew	96.70
376	195341	Rhys Limbert	96.70
377	2630	Pete Richards	96.70
378	145670	Spencer Toon	96.70
379	602	David (@DayvyFPL)	96.70
380	378954	Richard Smith	96.70
381	789	Kaloyan Nikolov	96.70
382	854	Lee Giles	96.69
383	401	Arild Formo	96.69
384	28	Jason Carmody	96.69
385	18727	Laurence Imich	96.69
386	6006	Dan Furneaux	96.69
387	9888	Burhan Samaan	96.69
388	119471	Kieran Butterill	96.69
389	7420	Joel E	96.69
390	287851	Seán Martin	96.69
391	544344	Pavan PB	96.69
392	1747587	Ben Landen	96.68
393	2677427	Thomas Hewitt	96.68
394	3983624	Paul Gilmore	96.68
395	139853	Lewis Nicklen	96.68
396	735593	Anton Williams	96.68
397	74261	Mark Campbell	96.68
398	122666	Filip Jeremic	96.68
399	10783	Adam Bergin	96.68
400	23942	Emil Wendel-Hansen	96.68
401	5874	* Craig *	96.68
402	175469	Serhii Mysnyk	96.68
403	4492	Anders Krasse	96.68
404	1192746	Paolo Turrini	96.68
405	5520	Colm Doyle	96.67
406	8355	Martin Rapp	96.67
407	290	Aaron Lofthouse	96.67
408	13500	Miles Thorpe	96.67
409	3217334	Eirik Barosen Antonsen	96.67
410	18257	Marc Beard	96.67
411	143788	Ridder Preben Andersen	96.67
412	248	Anthony Ede	96.67
413	1065922	Terry Shoulder	96.67
414	23699	Sam Piper	96.67
415	342331	Darren Valet	96.66
416	5317663	Ross Graham	96.66
417	14531	James Addy	96.66
418	82666	Steve Dryden	96.66
419	215085	Thomas Lovell	96.66
420	11461	Joe Benorthan	96.66
421	1466311	Tim Lear	96.66
422	210453	Connor Baxter	96.66
423	19187	Peter Fletcher	96.66
424	27517	Harry Fowles	96.66
425	5032	Joseph Crilley	96.66
426	6115	Mikael Ruud	96.66
427	582590	Muhamad Iqbal Bassar	96.65
428	6394	frenk van harreveld	96.65
429	6608	Kjell André Egeland	96.65
430	3267766	Fabian Mæland	96.65
431	7080636	Sindre Mikkelsen Pedersen	96.65
432	30903	don tierney	96.65
433	2358462	Paul Curtis	96.65
434	1284701	Andreas Augustsson	96.65
435	36522	Tris Robinson	96.65
436	23826	Nick Baker	96.65
437	8678	Toni Hahto	96.65
438	4107962	Issa Jabri	96.65
439	10478	luka h	96.65
440	2486538	Jorgen Thorvaldsen	96.64
441	752	Dominic Campbell	96.64
442	42958	Sava Stefanovi?	96.64
443	5030	Rich Stevens	96.64
444	7673	Aidan Grant	96.64
445	11546	Tarek Balbaa	96.64
446	9338	Alastair McKeever	96.64
447	13244	Tom Curry	96.64
448	3721	Ivaylo Ivanov	96.64
449	68844	Antti Lehtinen	96.64
450	235445	Charlie Peters	96.63
451	3700889	Simon Vazquez	96.63
452	338166	Count Rayan Ashcar	96.63
453	33402	Cian McPeake	96.63
454	403375	Fergal Coleman ????	96.63
455	48631	Adam Lannebo	96.63
456	4759	Jason Fleming	96.63
457	29065	Sam Goddard	96.63
458	388850	Luke Dodds	96.63
459	312952	Shane Holohan	96.62
460	7574	John McHugh	96.62
461	86271	Rune Bjørnsen	96.62
462	1935584	Matthew Cornford	96.61
463	251628	Gaurav Assomull	96.61
464	86	Seamus O	96.61
465	59664	Garry Hecht	96.61
466	2252	Svein Roald L Usken	96.61
467	18092	Phil Saward	96.61
468	9157	Isaac P	96.61
469	263644	Oscar Ericsson	96.61
470	5299364	Andy Wilson	96.60
471	1416875	Richard Beale	96.60
472	4910	Arne Barsnes	96.60
473	286189	Matt Sims	96.60
474	138260	Mr T Moore	96.60
475	2780650	Damien Prunty	96.60
476	459096	Tom Davey	96.60
477	6915214	David Feinberg	96.60
478	11800	J Fish	96.60
479	277972	Ingar Martinsen	96.59
480	28743	Tomasz Kucharski	96.59
481	5006656	Aasmund Woldsengen	96.59
482	572610	Robin Sulen	96.59
483	17795	Ori Gal	96.59
484	5671764	orjan knutsen	96.59
485	3804273	Alan Archer	96.59
486	1080843	Duncan Burman	96.59
487	4234	Erik Sole Haugsbø	96.59
488	2546744	Paul Morrison	96.59
489	5005	Magnus Tjelle	96.59
490	301539	Gary Mayo	96.58
491	1490	Ryan Cameron	96.58
492	5463	Jacob Meincke	96.58
493	151119	James Thewlis	96.58
494	19065	Elliot Wilson	96.58
495	398	Richard Lewis	96.58
496	29574	?ukasz Kublik	96.58
497	1951508	Mike Davis	96.58
498	502343	Nick Wainwright	96.58
499	30422	Grant Christie	96.58
500	3851081	Karl Andreas Lundvold	96.57
501	9677	James Beard	96.57
502	21036	Moshe Davidovich	96.57
503	3260507	Teemu Remes	96.57
504	1632	Kurt Stengel	96.57
505	358339	Jake Coren	96.57
506	44228	Emil Siedlich	96.57
507	45451	Matan Krakow	96.57
508	483117	Mrt boy	96.57
509	8908	Rajko Gojkovic	96.57
510	31555	Finlay White	96.57
511	5370503	Aaron Milliss	96.56
512	371846	Tuomas Harjula	96.56
513	1181530	Rishi Pabary	96.56
514	5630	Frode Molnes	96.56
515	211823	Andrew Debenham	96.56
516	7719991	Mitu Islam	96.56
517	7399	Richard Smeeton	96.56
518	20907	Saunak Pal	96.56
519	102906	Dave Rogers	96.56
520	1246	Mark Pattenden	96.56
521	2348	Robert Leithe	96.55
522	335052	Antti Nieminen	96.55
523	3846325	Matt McNeice	96.55
524	21970	Zia Mohammed	96.55
525	285101	Richard Straker	96.55
526	7183	Knut Dagfinn Finstad	96.55
527	4742470	Yahya Boss	96.55
528	5328	Zakarias Stenberg	96.55
529	2326	Tom Lynch	96.55
530	14190	Danny Tan	96.55
531	7486	Balazs Pakozdi	96.55
532	1215	Alex Scott	96.55
533	652	Robert Kristersson	96.54
534	935	Calvin Leung	96.54
535	4047644	Martin Sichelkow	96.54
536	2344	QUI PHAM	96.54
537	1144090	Murray Tainton	96.54
538	2691514	John Sutherland	96.54
539	445178	Geordie Wilson	96.54
540	335641	Ole Martin Borge	96.54
541	2574918	Hazem Bardan	96.54
542	4806195	Mohamed El Kateb	96.54
543	393272	Adrian I	96.53
544	127037	Konrad Z	96.53
545	13564	Krzysztof Jarzyna	96.53
546	794	Callum Jefferies	96.53
547	18243	Joe Mitchell	96.53
548	2278353	Torbjørn Lønne Lunden	96.53
549	6110351	Ivar Langenes	96.53
550	1658250	Damian Koh	96.53
551	2621031	Dominic Storey	96.53
552	31059	Romain Ferron	96.53
553	15361	Phil Gill	96.53
554	958636	Berit Eid Sæter	96.52
555	212021	Anders Meto	96.52
556	7135220	Sauli Purho	96.52
557	558464	Eoin O'Sullivan	96.52
558	91891	ben wildman	96.52
559	4617	Ian Emamalie	96.52
560	1065	Matthew McGuiness	96.52
561	63000	seth naidoo	96.52
562	44261	Dan Bartlett	96.52
563	1120	Rosco Logawood	96.52
564	2405194	HK KIM	96.51
565	13465	Toby Cumbers	96.51
566	182960	Barney Le Fevre	96.51
567	48055	Niklas Zanden	96.51
568	11671	Stuart Ukwu	96.51
569	407607	Alfie Murray	96.51
570	1512	Damian Gralak	96.51
571	21543	Richard Gumpen Hasselberg	96.51
572	238667	Benjamin Yak	96.51
573	189360	Dom cooke	96.51
574	3776983	Eskil Loftesnes	96.51
575	1659954	Makanya Jack	96.51
576	12228	simon hough	96.50
577	22943	Nebojsa Medic	96.50
578	139094	Sam Beet	96.50
579	658633	Magnus Joyce	96.50
580	1367519	Martin Linnros	96.50
581	1307521	Mattias Lönnroth	96.50
582	3496413	Tomek Majczak	96.50
583	18362	Stian Nilsen Nornes	96.50
584	8366	Joe Lepper	96.50
585	5474	Sherif Gabr	96.50
586	400203	Cip P	96.50
587	3906785	Matthew Davies	96.49
588	299080	Kenneth Larsen	96.49
589	19233	Adnan Shah	96.49
590	10771	Ewan Dallas	96.49
591	177174	Maciej Filipiuk	96.49
592	1058466	Goran Miškovi?	96.49
593	1960647	Josh Brown	96.49
594	3803277	Jamie Kang	96.49
595	7752	Ian Carvell	96.49
596	160422	Fraser Harrison	96.49
597	941340	Daniel Boije	96.48
598	8310	Mario Sulenta	96.48
599	578059	Luke Pasfield	96.48
600	29291	Djordje Zivkovic	96.48
601	5524035	Ivan Boyanov	96.48
602	15731	Henry Beadle	96.48
603	124440	Alberto Mendonca	96.48
604	8808	Håvard Olsen	96.48
605	8369	Eldho Mathew	96.48
606	476486	Xerxis Desai	96.48
607	432774	Will Saunders	96.48
608	1821183	Frank Farrelly	96.48
609	3288421	Tallak Nærland	96.47
610	323180	Jonny Pringle	96.47
611	3888818	George Ward	96.47
612	151948	Ronan Tierney	96.47
613	5078859	Håvard Tuhus	96.47
614	190268	Mohamed Marzouk	96.47
615	62592	Joe Selwyn	96.47
616	1979961	Mohammed Alragheeb	96.47
617	253598	Jakob Moesby	96.47
618	1808761	Jeremy Twaits	96.47
619	101621	Jay Mistry	96.47
620	3969	marius robertsen	96.46
621	17499	Charlie Metcalfe	96.46
622	406396	ewan little	96.46
623	4206007	Viv Samuel Ziar	96.46
624	6436356	John Pattison	96.46
625	2346	Johnny Brosnan	96.46
626	267450	Mark Phillips	96.46
627	2315054	Måns Axelsson	96.46
628	3290251	Cha baller	96.46
629	6278	Jinzhou Yeow	96.46
630	81701	Arman Khondker	96.46
631	14503	Oliver Graham	96.46
632	53024	Kudakwashe Calvin Gahadzikwa	96.46
633	435353	Tien Ngo (FPL Planner)	96.46
634	10043	Timothy Leichtfried	96.46
635	294866	Ben Murphy	96.45
636	77956	Nick Drew	96.45
637	5787	Alasdair Pearce	96.45
638	4024309	Ant Jiang	96.45
639	4883	Kristian Harrison	96.45
640	21757	David O'Grady	96.45
641	3488372	Knut Masdal	96.45
642	6745994	Uzair Rizwan	96.45
643	26340	Boris Šuvak	96.45
644	62	Kristian Laursen	96.45
645	919225	Abhishek Shah	96.45
646	16005	A X	96.45
647	4368	Matt Garrett	96.45
648	2250204	Darragh Mulligan	96.45
649	3573	Oystein Wallevik	96.45
650	2076	Daniel Gustafsson	96.45
651	124708	Chris Coyne	96.45
652	166746	Erlend Rekkebo	96.44
653	44789	Tyler Masawi	96.44
654	32948	Marin Angelov	96.44
655	10152	spiros vasilopoulos	96.44
656	483678	Tommy Shinton	96.44
657	1457	Hadi Al Akhras	96.44
658	8139	Jose Oliveira	96.44
659	4815448	Cormac Maguire	96.44
660	566682	Jack Penn	96.44
661	252956	Josh Aspess	96.44
662	396	De Lam Hoang	96.44
663	421166	Eoin Gillan	96.44
664	599100	Paraskevas Ioannou	96.44
665	3478149	Josh Stickland	96.44
666	83472	Erik S	96.44
667	3741	Gareth Parry	96.44
668	507079	Ping Jim Tan	96.44
669	7612	Anastasios Stefas	96.43
670	408823	Chris Barnard	96.43
671	374914	Erik Opsahl	96.43
672	29297	Nathan Miranda	96.43
673	24765	Damjan Rupnik	96.43
674	275571	Travis Kelley	96.43
675	1463036	Przemys?aw Mosio?ek	96.43
676	287593	Alexander Hagen	96.43
677	9300	David Walker	96.43
678	947	Reko Marttila	96.43
679	18183	Tommi Koskinen	96.43
680	472208	Bagus Imanda	96.43
681	113358	Stephen Browner	96.43
682	134294	Duncan Bruce	96.43
683	1138979	Jamie Nettleship	96.43
684	559663	Hui Hao Ang	96.43
685	5042789	Marek Buszkiewicz	96.43
686	9600	Riccardo Marin	96.43
687	15596	Adithya Mani	96.43
688	5127133	Sami Laakso	96.42
689	66513	Ryan Partridge	96.42
690	6580173	Kaz Hamed	96.42
691	3182942	Øyvind Nordengen	96.42
692	1364458	Juha Lämpsä	96.42
693	2674917	Andy O Dowd	96.42
694	1884328	Nick Connor	96.42
695	190800	James O' Donnell	96.42
696	390908	Owen Walker (Zan K)	96.42
697	15373	James Lau	96.42
698	1285217	Markos Drizos	96.42
699	3318023	Aleksandar Todorovic	96.42
700	78047	Siya Gule	96.42
701	12608	Chris Dickson	96.42
702	16355	Patrick Moon	96.42
703	380125	Liam Quinn	96.42
704	212902	Reece Liney	96.41
705	3354024	George Shields	96.41
706	2579483	David Boles	96.41
707	5507	Tony Yorath	96.41
708	4047	Raïsh Ganpat	96.41
709	355870	Jon Wheatley	96.41
710	1482487	Edward Hiorns	96.41
711	3459527	Tobbias Uteng	96.41
712	141519	Richard Greasley	96.41
713	36317	Brian Lord	96.41
714	39581	Vladislav Vodenicharski	96.41
715	678125	Dan West	96.41
716	206665	Jon Kim Vik	96.41
717	2840829	Daniel Clark	96.40
718	8408	Ryan Nicholson	96.40
719	16777	Sean Dunlop	96.40
720	36971	Chris Woodruff	96.40
721	368243	Matt Salter	96.40
722	394890	Matt Lane	96.40
723	79901	David dunts1	96.40
724	608	Andy T	96.40
725	2574	Radim Horák	96.40
726	4649777	Jack Om	96.40
727	5613	Charlie Marshall	96.40
728	16107	Udememfon Ekarika	96.40
729	337747	Chris Pearce	96.40
730	800	Alex Dalziel	96.39
731	1330168	Pete Craven	96.39
732	28470	Alex Torres Mejorada	96.39
733	9766	Jared Peet	96.39
734	21562	Slaven Mihelic	96.39
735	3286239	Christian Aspelund	96.39
736	7282	James Nicholson	96.39
737	12839	Alexander Johansen	96.39
738	12180	Alexander Ilias	96.39
739	29712	Erik Falkeborn	96.39
740	4648725	Matthew Emmett	96.38
741	29517	Chris Quartly	96.38
742	10932	Killian Creagh	96.38
743	329286	Alex Cavanagh	96.38
744	65525	Lukas Pareyn	96.38
745	1441726	Andres Bäckblom	96.38
746	348970	Marko Damjanovski	96.38
747	333837	Adam Spencer-Hicken	96.38
748	2578767	Badr Owais	96.38
749	4118962	Alan Croft	96.38
750	36521	ollie lewinski	96.38
751	185462	Sasa Maric	96.38
752	4670	Sagar Chowdhry	96.38
753	3505077	Jonas Bringager	96.38
754	13198	Hisham Ashraf	96.38
755	43054	Goran Medenica	96.38
756	17102	Martin Hurst	96.38
757	16497	Ole Andre Buene Småland	96.38
758	614	Christian Larisch	96.38
759	30265	Paul Reid	96.37
760	440897	Andrew Foley	96.37
761	615585	Niels Knapen	96.37
762	19257	Per Martensson	96.37
763	3278331	Giga Fren	96.37
764	154587	Julian Hancock	96.37
765	2932	Graeme Sumner	96.37
766	2322540	PAUL ATTWOOD	96.37
767	141	James Adams	96.37
768	33926	Glynn Sherwood	96.37
769	233866	Eiliv Engelsen	96.37
770	181113	Jussi Hokkinen	96.37
771	6561	Joe Kelleher	96.37
772	2198	Gianni Zeps	96.37
773	22921	Anoop Pai	96.37
774	7626	Peter Ehigiegba	96.37
775	23301	Matthew Simpson	96.36
776	19683	Adam Burton	96.36
777	13206	Ivan Kasagga	96.36
778	24325	Christian Hunstad Flotvik	96.36
779	236910	Daniel Hedges	96.36
780	5299082	Joel Nordkvist	96.36
781	265995	Matt Lovatt	96.36
782	19296	Dave Manger	96.36
783	434851	Stewart Duthie	96.36
784	32660	John Samoryk	96.36
785	2594762	Sam Morris	96.36
786	3160	Ronnie Ruff	96.36
787	8720	@ fplresearch	96.36
788	10840	Andrew Gower	96.36
789	1096	who cares	96.36
790	4412448	Brian Norris	96.36
791	366262	Kieran O'Brien	96.36
792	757616	Tin Nguyen	96.36
793	786	Julian Glenesk	96.36
794	11627	Maarten Alferink	96.36
795	4961	Geoffrey Van Roey	96.36
796	33915	Zizheng Jin	96.36
797	34136	Henning Stien	96.36
798	647213	Danni Mogensen	96.36
799	4064261	Alfred K	96.36
800	1118166	Pål Kristiansen	96.36
801	24668	Danny Powell	96.35
802	2484408	Erik Knaapi	96.35
803	316895	charlie cook	96.35
804	8087	Jack Watton	96.35
805	7007	Howard Clark	96.35
806	2882	Ben George	96.35
807	38338	Pat McKenna	96.35
808	3186615	Tom Markham	96.35
809	48745	Tim Worboys	96.35
810	164868	Anuj Chhikara	96.35
811	103130	Kenneth Rode-Kemlo	96.35
812	383	Andreas Blackne	96.35
813	15503	Walter Randazzo	96.35
814	37053	Martin Mikalsen	96.35
815	363625	Yang Yun Cheong	96.34
816	24796	Dale Morgan	96.34
817	4734254	Andy Jones	96.34
818	4614069	Daniel Lindén	96.34
819	21203	belal ahmed	96.34
820	9049	Oli O'Mahony	96.34
821	7295	Andy McKeown	96.34
822	979632	Shaun Bingham	96.34
823	1262	Frode Rekve	96.34
824	9232	Joacim Elgmork	96.34
825	39025	Toby Meller-Rodrigues	96.34
826	12610	Si Rutherford	96.34
827	4987841	Marcus Collstedt	96.34
828	2876908	Rohit Suvarna	96.34
829	575	Maksym Tryus	96.34
830	13995	ABDALLAH EL-NEMR	96.34
831	6182	Harvey Gill	96.34
832	26	Benjamin Våge Nilsen	96.34
833	2577	Matthew Hall	96.34
834	3788828	Sarah Duckworth	96.34
835	41463	Arjen van Liebergen	96.34
836	10042	Kristoffer Solini	96.34
837	6942	Stephen Pritchard	96.34
838	3764	Rune Risanger	96.34
839	453959	Ed Cochrane	96.34
840	3419820	Harry Balfour	96.34
841	127830	Ramsay Lahouegue	96.33
842	3932208	Filip Hanssen Storaas	96.33
843	292528	Zubin Baisiwala	96.33
844	337820	Mick Gladwinfield	96.33
845	13963	Jamie Meagher	96.33
846	4901717	James Greenall	96.33
847	919489	Steven Bridges	96.33
848	292370	Oli .	96.33
849	20153	Joshua Landon	96.33
850	12991	Joax K	96.33
851	3236579	Rune Larsen	96.33
852	2752774	RoyArve Garvik	96.33
853	7091	Arihant Giria	96.33
854	2381672	Jake Dursley	96.33
855	13507	Ross Jarvis	96.33
856	109194	Zack Dalah	96.32
857	4992	Jarle Hodne	96.32
858	162955	Islam Elbakry	96.32
859	78209	Paul Gee (@FPLPaulGee)	96.32
860	33427	Jake Brown (westerman)	96.32
861	124379	Inge Berqvam	96.32
862	489372	Haziq Zahin	96.32
863	364651	Brian Linehan	96.32
864	238598	Craig Godding	96.32
865	21264	Andrius Podzeckas	96.32
866	100197	Ashok Rijal	96.32
867	1449694	Mark Miles	96.32
868	6403	Mark Camero	96.32
869	3141399	elad naim	96.32
870	265984	Chris Jones	96.32
871	3739986	Jack Manning	96.32
872	13550	Roddy More	96.32
873	83115	Rahul Shah	96.32
874	2731	Henri Lehtinen	96.31
875	1398148	Elliot Pearce	96.31
876	87816	Tom Clark	96.31
877	27332	Kevin walshe	96.31
878	7730	Dexter Allsworth	96.31
879	152561	Kenneth Ramsland	96.31
880	20059	Anthony Moylette	96.31
881	793	simon clinton	96.31
882	529405	David Carney	96.31
883	34618	Dean Simmons	96.31
884	3100	Mike Bennett	96.31
885	27826	Ka-Yeung Leung	96.31
886	14261	Charlie Watts	96.31
887	22230	Avanish Katkoria	96.31
888	31789	jon Gordon	96.31
889	519	Terje Balteskard	96.31
890	34099	Brent Voorhees	96.30
891	1479504	Peter Liles	96.30
892	119255	Nicolai Schjøtt	96.30
893	3354	Diarmuid Gallagher	96.30
894	4194	Sam Steel	96.30
895	1576908	Ed McKenna	96.30
896	10161	Calvin Fernandes	96.30
897	246407	Adam Ferguson	96.30
898	604649	Geoff Dance	96.30
899	356184	Tom A	96.30
900	392823	Henrik Jørgensen Havneraas	96.30
901	5937	David Gladstone	96.30
902	6554351	Torben Myrhøj	96.30
903	228354	Jason Gambling	96.30
904	35011	Louis Reddington	96.30
905	7463004	Luke Mason	96.30
906	143722	Bjarki Arnthorsson	96.30
907	10852	Matthew Foulds	96.30
908	298956	Rafal Borowiak	96.30
909	58064	George Owen	96.30
910	394156	Marc El-Khoury	96.30
911	32589	Paul Morgan	96.30
912	61266	Stephen Courtney	96.30
913	4133	Lee Pass	96.30
914	26347	Clement B	96.30
915	222934	Olve Engelsen	96.29
916	11235	David O Farrell	96.29
917	810	Christopher Corkery	96.29
918	3214871	Ken Colebunders	96.29
919	4540	Alex Coxon	96.29
920	39978	Jens-Gustav Emmerhoff-Lidal	96.29
921	27262	David Harmer	96.29
922	287330	Chris Gregory	96.29
923	58759	Liam Hellström	96.29
924	59807	Ollie Truman	96.29
925	130487	Carlsten Xuereb	96.29
926	290912	Ole Skretting Helvig	96.29
927	595	Ola Svanheld	96.29
928	1021563	Sir Edo Nygren	96.29
929	32528	Dan Simpson	96.29
930	21639	Kieran Gilmore	96.29
931	578	Alvaro Mas Baga	96.29
932	26753	Peter Tind	96.29
933	404460	James Lambourne	96.29
934	3250	Gabriel Harley	96.29
935	18172	Martin Felton	96.29
936	1000315	Jonathan Cahill	96.29
937	1488017	Chris Hill	96.29
938	292384	Martin Allen	96.28
939	61403	Marek B?bol	96.28
940	286783	Gerard Bennetts	96.28
941	747682	Tobias Johansson	96.28
942	387510	Tor Ulvin	96.28
943	152520	Juha Seppälä	96.28
944	2769	Tom Kirkup	96.28
945	463	Rory Cartwright	96.28
946	202321	Jason Stone	96.28
947	18470	James Hill	96.28
948	13593	Matteus Gavatin	96.28
949	9681	FPL Pro	96.28
950	3229377	Erlend Aaser	96.28
951	16210	Ryan Hale (Fpl Richard)	96.28
952	67151	Micha? D?browski	96.28
953	1086973	Stephen Diamond	96.28
954	4032	Jonathan Treadaway	96.28
955	12403	Suraaj Kanna	96.27
956	530610	Peter Howitt	96.27
957	128688	Daniel Burley	96.27
958	16575	Craig B	96.27
959	125458	Jono Sumner	96.27
960	1014135	Arran Fewtrell	96.27
961	118109	Steve Voce	96.27
962	292449	Philip Ridgill	96.27
963	3060304	Apiwat Suvagondha	96.27
964	548424	Arun Ravindraanandan	96.27
965	26561	Johannes Lehikoinen	96.27
966	367345	MOHD KHAIRUL AMIN [SANHOK]	96.27
967	80889	Tor Syver Heggli	96.27
968	6413	Mike Jongerius	96.27
969	1383203	Billy McGann	96.27
970	16356	Dylan Jones	96.27
971	13223	James Simpson	96.27
972	7052	James Fenwick	96.27
973	6026109	ohad simi	96.27
974	4547995	Hanish Patel	96.27
975	80076	Adam O’Brien	96.27
976	7256	Doc Ammar	96.26
977	794780	Simon Purchase	96.26
978	7031	Brooklyn Gooner	96.26
979	4367876	Mark Rowlands	96.26
980	13494	Ian Herbert	96.26
981	92182	Stephen Van Rhyn	96.26
982	6598567	David Carmo	96.26
983	510	Albert Gudmundsson	96.26
984	242614	Gambit *	96.26
985	561042	Kevin Lee	96.26
986	1149122	Andreas Olofsson	96.26
987	45802	Alco Polo	96.26
988	845525	Matt Newman	96.26
989	11335	Dafydd Pritchard	96.26
990	15347	Elvin Ramjee	96.26
991	5691	Mayur Chopdekar	96.25
992	18082	Gav Riley	96.25
993	537070	Keston Chew	96.25
994	46610	Alex McQueen	96.25
995	209502	Pascal Evans	96.25
996	4549756	Christian Aasen	96.25
997	4949	Ross McManus	96.25
998	13436	Prajwal Panthi	96.25
999	10384	Stuart O'Connor	96.25
1000	1036451	Matti Salminen	96.25
